[{"name": "Catherine Vitale Benoit", "pinterest": "http://www.pinterest.com/cvbenoit/", "url": "https://www.facebook.com/cvbenoit", "company": "The Cats Meow Creative", "linkedin": "http://www.linkedin.com/pub/catherine-vitale-benoit/6/71a/86b", "job": "Owner - Creative Director", "score": 3, "image_url": "https://fbcdn-profile-a.akamaihd.net/hprofile-ak-xpa1/v/t1.0-1/c0.0.320.320/p320x320/10458022_10203440011493536_8175367271929602729_n.jpg?oh=cef13d79d459b86e340ee317a35d01a7&oe=56845523&__gda__=1447256545_97f309c2238d145bbd6c068341945084", "facebook": "https://www.facebook.com/cvbenoit", "id": "cvbenoit", "leadscore": 17}, {"twitter": "https://twitter.com/jenaysellers", "linkedin": "http://www.linkedin.com/pub/jenay-sellers/8/8a3/097", "job": "Works", "facebook": "https://www.facebook.com/jenaysellers", "id": "jenaysellers", "leadscore": 13, "name": "Jenay Sellers", "pinterest": "http://www.pinterest.com/jenaysellers/", "url": "https://www.facebook.com/jenaysellers", "score": 3, "image_url": "https://fbcdn-profile-a.akamaihd.net/hprofile-ak-xtp1/v/t1.0-1/p320x320/11391363_10103205950691013_1739656795455315044_n.jpg?oh=16358395f5debbd4e036dade46e610b9&oe=564E9D38&__gda__=1446430944_dc8debfd3568edf8bf3280f647901f06", "plus": "https://plus.google.com/105177420281549637678/about", "company": "Brandfolder"}, {"job": "Owner", "score": 3, "image_url": "http://graph.facebook.com/1306802783/picture?type=large", "name": "Dean Hubbell", "url": "http://www.linkedin.com/pub/dean-hubbell/24/982/1a5", "company": "Rio Blanco County Abstract", "id": "1306802783", "linkedin": "http://www.linkedin.com/pub/dean-hubbell/24/982/1a5", "leadscore": 12}, {"name": "Ken Majors", "url": "http://www.linkedin.com/pub/ken-majors/11/187/909", "company": "FyreWerks, Inc.", "linkedin": "http://www.linkedin.com/pub/ken-majors/11/187/909", "job": "President", "score": 3, "image_url": "https://myspace.com/common/images/user.png", "id": 40291441, "leadscore": 11}, {"name": "Trent Taylor", "url": "https://www.linkedin.com/pub/trent-taylor/20/133/667", "company": "Outrigger Energy LLC", "amazon": "http://www.amazon.com/wishlist/1LG48IZAGB4ZF", "linkedin": "https://www.linkedin.com/pub/trent-taylor/20/133/667", "job": "Director of Land", "score": 3, "image_url": "https://media.licdn.com/mpr/mpr/shrinknp_400_400/p/1/000/0e2/269/38a9049.jpg", "id": 40291261, "leadscore": 11}, {"name": "Jennifer Blum", "url": "https://www.linkedin.com/in/jenniferlblum", "company": "Akers & Associates LLC", "amazon": "http://www.amazon.com/wishlist/12YI9KT6ORO1I", "linkedin": "https://www.linkedin.com/in/jenniferlblum", "job": "Of Counsel", "score": 3, "image_url": "https://media.licdn.com/mpr/mpr/shrinknp_400_400/p/1/000/188/262/008a50a.jpg", "facebook": "http://www.facebook.com/people/_/608300779", "id": 40291318, "leadscore": 11}, {"name": "Greg Blanchard", "url": "http://www.linkedin.com/pub/greg-blanchard/28/755/771", "company": "Eagle Strategies, LLC", "amazon": "http://www.amazon.com/gp/pdp/profile/A54WUE5SO5ZPD/", "linkedin": "http://www.linkedin.com/pub/greg-blanchard/28/755/771", "job": "Financial Adviser", "score": 3, "image_url": "https://media.licdn.com/mpr/mpr/shrinknp_400_400/p/6/005/059/2ae/3592696.jpg", "facebook": "http://www.facebook.com/people/_/100001731686451", "id": 30013122, "leadscore": 11}, {"name": "Justin Botelho", "url": "https://www.linkedin.com/in/justinbotelho", "company": "Accenture", "linkedin": "https://www.linkedin.com/in/justinbotelho", "job": "Infrastructure Consultant", "score": 3, "image_url": "https://media.licdn.com/mpr/mpr/shrinknp_400_400/p/6/005/042/30b/2935212.jpg", "facebook": "http://www.facebook.com/people/_/19225855", "id": 40291251, "leadscore": 11}, {"name": "Deanna Dooley Harrison", "pinterest": "http://www.pinterest.com/dealuck9/", "url": "https://www.facebook.com/deanna.d.harrison", "company": "NextCare Urgent Care", "linkedin": "http://www.linkedin.com/pub/deanna-harrison/13/a19/25b", "job": "Works", "score": 3, "image_url": "https://fbcdn-profile-a.akamaihd.net/hprofile-ak-frc3/v/t1.0-1/c0.0.320.320/p320x320/1476358_10202059416423750_743554310_n.jpg?oh=b25f2418b1d26442108da7a8fb2fcee4&oe=5645218A&__gda__=1447020569_69372976f2cdaef9e4e42f86c466584a", "facebook": "https://www.facebook.com/deanna.d.harrison", "id": "deanna.d.harrison", "leadscore": 10}, {"name": "Michelle DelPiccolo", "twitter": "http://twitter.com/MicDelPiccolo", "pinterest": "http://pinterest.com/michelledp/", "url": "https://www.linkedin.com/pub/michelle-delpiccolo/29/53b/8b4", "company": "Right Start Race Management LLC", "linkedin": "https://www.linkedin.com/pub/michelle-delpiccolo/29/53b/8b4", "job": "Co Founder", "score": 3, "image_url": "https://media.licdn.com/mpr/mpr/shrinknp_400_400/p/7/000/1f9/215/295c011.jpg", "facebook": "http://www.facebook.com/people/_/100000445882388", "id": 40291255, "leadscore": 10}, {"name": "Kristina Wetherbee", "twitter": "http://twitter.com/HoneyBee55", "url": "http://www.linkedin.com/pub/kristina-wetherbee/6/701/325", "company": "PKK Investments, LLC.", "linkedin": "http://www.linkedin.com/pub/kristina-wetherbee/6/701/325", "job": "Owner/Operator", "score": 3, "image_url": "https://media.licdn.com/mpr/mpr/shrinknp_400_400/AAEAAQAAAAAAAAOIAAAAJGJlMTdjNzQ1LWJlYzYtNDUyNi04NGU1LWJiODAyMTJhMzg3Mg.jpg", "facebook": "http://www.facebook.com/kristie.wetherbee", "id": 7297737, "leadscore": 10}, {"name": "Erin Swetnam", "twitter": "http://twitter.com/nirebabe", "pinterest": "http://pinterest.com/nirebabe/", "url": "http://www.linkedin.com/pub/erin-swetnam/a/9bb/495", "company": "Mercy Housing", "linkedin": "http://www.linkedin.com/pub/erin-swetnam/a/9bb/495", "job": "Corporate Attorney", "score": 3, "image_url": "https://media.licdn.com/mpr/mpr/shrinknp_400_400/p/3/000/028/136/1fadf35.jpg", "facebook": "http://www.facebook.com/people/_/60000669", "id": 27118301, "leadscore": 10}, {"facebook": "https://www.facebook.com/brett.baird2", "name": "Brett Baird", "pinterest": "http://pinterest.com/brettbaird/", "url": "https://www.facebook.com/brett.baird2", "company": "Citywide Home Loans", "linkedin": "http://www.linkedin.com/pub/brett-baird/22/01b/b06", "job": "Worked", "score": 3, "image_url": "https://fbcdn-profile-a.akamaihd.net/hprofile-ak-xfp1/v/t1.0-1/c80.0.320.320/p320x320/10514693_10154496198000527_5487001115494421203_n.jpg?oh=981cb43b96447c9e9f8562d7136a5268&oe=56363D96&__gda__=1446590087_821c3d1f9e4c81d02a289e6ee89ce1b2", "plus": "https://plus.google.com/106826905257986853197/about", "id": "brett.baird2", "leadscore": 9}, {"facebook": "https://www.facebook.com/AmandaCavs", "name": "Amanda Cavs", "url": "https://www.facebook.com/AmandaCavs", "company": "Connect the Ages", "linkedin": "http://www.linkedin.com/pub/amanda-cavaleri/17/553/bba", "job": "CEO & Founder", "score": 3, "image_url": "https://fbcdn-profile-a.akamaihd.net/hprofile-ak-xft1/v/t1.0-1/p320x320/10511112_10100861090100576_3765872596242018698_n.jpg?oh=61e49e1a5518cb14e795afeca60c5f71&oe=563B6B09&__gda__=1448062244_b79b5a4a2c46a7c34219d2cc44472037", "plus": "https://plus.google.com/105474548347322061539/about", "id": "AmandaCavs", "leadscore": 8}, {"facebook": "https://www.facebook.com/andrea.clayton.52", "name": "Andrea Clayton", "pinterest": "http://pinterest.com/addie213/", "url": "https://www.facebook.com/andrea.clayton.52", "company": "Creative Circle", "linkedin": "http://www.linkedin.com/in/andreaclayton", "job": "Sr. Creative Recruiter", "score": 3, "image_url": "https://fbcdn-profile-a.akamaihd.net/hprofile-ak-xtf1/v/t1.0-1/p320x320/10393681_10153317570786329_9020881225370353771_n.jpg?oh=3a1d28822d79c78c187234cfa40e55f2&oe=5652961D&__gda__=1450953099_557245824fd3edb7cd95a78ec913b2e4", "plus": "https://plus.google.com/110241425854986860626/about", "id": "andrea.clayton.52", "leadscore": 8}, {"name": "Tony Benallo", "url": "http://www.linkedin.com/pub/tony-benallo/7/542/5bb", "company": "HomeGuard Restoration", "linkedin": "http://www.linkedin.com/pub/tony-benallo/7/542/5bb", "job": "Co Owner/ Operator", "score": 3, "image_url": "https://myspace.com/common/images/user.png", "id": 13876026, "leadscore": 8}, {"name": "Chelby Jackson", "twitter": "http://www.twitter.com/ChelbyJean", "pinterest": "http://pinterest.com/chelbyjean/", "url": "http://www.linkedin.com/pub/chelby-jackson/3b/315/82", "company": "Allegiance Home Health Care, Inc.", "linkedin": "http://www.linkedin.com/pub/chelby-jackson/3b/315/82", "job": "Senior Care Manager", "score": 3, "image_url": "https://media.licdn.com/mpr/mpr/shrinknp_400_400/p/7/005/08d/0ec/19910da.jpg", "facebook": "http://www.facebook.com/people/_/544641153", "id": 39438868, "leadscore": 8}, {"name": "Kady Zinke", "twitter": "http://twitter.com/kadykade/status/612420049236819968", "pinterest": "http://pinterest.com/kadyluxe/", "url": "http://www.linkedin.com/pub/kady-zinke/53/204/149", "company": "Haley Custom Homes", "linkedin": "http://www.linkedin.com/pub/kady-zinke/53/204/149", "job": "Business Development", "score": 3, "image_url": "https://media.licdn.com/mpr/mpr/shrinknp_400_400/p/2/000/196/170/00f138e.jpg", "plus": "https://plus.google.com/103227314736645951395/about", "facebook": "http://www.facebook.com/people/_/10112213", "id": 38160896, "leadscore": 8}, {"name": "Douglas Wills", "url": "https://www.linkedin.com/in/willsdouglas", "company": "High Point Financial Group, LLC", "linkedin": "https://www.linkedin.com/in/willsdouglas", "job": "Partner", "score": 3, "image_url": "https://media.licdn.com/mpr/mpr/shrinknp_400_400/p/3/000/10a/121/3531d83.jpg", "id": 40291265, "leadscore": 8}, {"name": "Annika Salinas", "degree": "Broadcast News", "url": "https://www.facebook.com/annika.salinas.1", "company": "Horizontal Integration", "linkedin": "http://www.linkedin.com/pub/annika-salinas/8/a83/b3b", "job": "Business Development Manager", "score": 3, "image_url": "https://fbcdn-profile-a.akamaihd.net/hprofile-ak-xfp1/v/t1.0-1/p320x320/10418219_10103263582291823_2079309244817979205_n.jpg?oh=f9804322e7660dba660a147aa677ffd9&oe=564F0404&__gda__=1451010707_ca94955a61a2dab9dcab77f0c385c08d", "facebook": "https://www.facebook.com/annika.salinas.1", "id": "annika.salinas.1", "soundcloud": "http://soundcloud.com/aksalinas28", "leadscore": 7}, {"name": "Brittni Biren", "pinterest": "http://www.pinterest.com/brittnicole057/", "url": "https://www.facebook.com/brittni.biren", "company": "Citywide Home Loans", "linkedin": "http://www.linkedin.com/pub/brittni-biren/42/143/a2a", "job": "Director of Business Development", "score": 3, "image_url": "https://fbcdn-profile-a.akamaihd.net/hprofile-ak-prn2/v/t1.0-1/c110.59.740.740/s320x320/601534_10100231142919952_1902387551_n.jpg?oh=09aa26f94631ebe83ac484f812982b74&oe=563D3230&__gda__=1446543563_475aa032a483008a3fd91a2705c08655", "facebook": "https://www.facebook.com/brittni.biren", "id": "brittni.biren", "leadscore": 7}, {"name": "Audrey Katherine", "pinterest": "http://www.pinterest.com/audreypo22/", "url": "https://www.facebook.com/audrey.polito", "company": "Denver public schools", "linkedin": "http://www.linkedin.com/pub/audrey-polito/57/28a/9a8", "job": "Speech Pathologist", "score": 3, "image_url": "https://fbcdn-profile-a.akamaihd.net/hprofile-ak-xta1/v/t1.0-1/p320x320/11800548_10103356443851513_6320286038679048084_n.jpg?oh=dc5955e6d6d85886c85d20016d8711d9&oe=56804307&__gda__=1447526264_a4ca0e45de48e1a5ecf5e0c5cc98b065", "facebook": "https://www.facebook.com/audrey.polito", "id": "audrey.polito", "leadscore": 7}, {"name": "Dennis Polk", "url": "http://www.linkedin.com/pub/dennis-polk/6/b77/471", "company": "Holley,Albertson & Polk P. C.", "linkedin": "http://www.linkedin.com/pub/dennis-polk/6/b77/471", "job": "partner", "score": 3, "image_url": "http://graph.facebook.com/1369742523/picture?type=large", "facebook": "http://www.facebook.com/people/_/1369742523", "id": 16478590, "leadscore": 7}, {"name": "Kevin Bird", "url": "https://www.linkedin.com/pub/kevin-bird/43/26b/24b", "company": "Brown Palace Hotel", "linkedin": "https://www.linkedin.com/pub/kevin-bird/43/26b/24b", "job": "Senior Food and Beverage Manager", "score": 3, "image_url": "https://media.licdn.com/media/p/3/000/110/0b7/087736a.jpg", "facebook": "http://www.facebook.com/people/_/1668066230", "id": 40291287, "leadscore": 7}, {"facebook": "https://www.facebook.com/michael.a.brill.3", "name": "Michael A. Brill", "url": "https://www.facebook.com/michael.a.brill.3", "company": "Brill, LLC", "linkedin": "http://www.linkedin.com/pub/michael-brill/13/85b/849", "job": "Attorney and Landman Services", "score": 3, "image_url": "https://fbcdn-profile-a.akamaihd.net/hprofile-ak-xft1/v/t1.0-1/c0.3.200.200/1972367_10203376973613807_647008086_n.jpg?oh=dada3c5dce2ca939ae797b8ebf438be2&oe=56478B91&__gda__=1451275895_f660775265344f46d508568d845ca2f4", "plus": "https://plus.google.com/106354378504557739063/about", "id": "michael.a.brill.3", "leadscore": 6}, {"name": "Eli Jacob", "url": "https://www.facebook.com/eli.eaton", "company": "Granicus", "linkedin": "http://www.linkedin.com/pub/elijah-eaton/48/138/b83", "job": "Account Developer", "score": 3, "image_url": "https://fbcdn-profile-a.akamaihd.net/hprofile-ak-xpt1/v/t1.0-1/p320x320/11181223_10153049651233651_7460312253000778537_n.jpg?oh=d8ae3a1eaa1db60c97505c4bb7d92b0d&oe=56800656&__gda__=1447238618_cd5c9ce01b98a4d3270c2332a3208e81", "facebook": "https://www.facebook.com/eli.eaton", "id": "eli.eaton", "leadscore": 6}, {"name": "Eli Jacob", "url": "https://www.facebook.com/eli.eaton", "company": "Granicus", "linkedin": "http://www.linkedin.com/pub/elijah-eaton/48/138/b83", "job": "Account Developer", "score": 3, "image_url": "https://fbcdn-profile-a.akamaihd.net/hprofile-ak-xpt1/v/t1.0-1/p320x320/11181223_10153049651233651_7460312253000778537_n.jpg?oh=d8ae3a1eaa1db60c97505c4bb7d92b0d&oe=56800656&__gda__=1447238618_cd5c9ce01b98a4d3270c2332a3208e81", "facebook": "https://www.facebook.com/eli.eaton", "id": "eli.eaton", "leadscore": 6}, {"name": "Kerry McCurley-Johnson", "pinterest": "http://pinterest.com/ndcurley/", "url": "https://www.facebook.com/kerry.mccurleyjohnson", "twitter": "http://twitter.com/ndcurley", "linkedin": "http://www.linkedin.com/in/kerryjohnsonskld", "id": "kerry.mccurleyjohnson", "job": "Sales Manager", "score": 3, "image_url": "https://fbcdn-profile-a.akamaihd.net/hprofile-ak-xfp1/v/t1.0-1/p320x320/11752556_10206695205877313_1532516856436593736_n.jpg?oh=27b3ed18f9057ec33e9a1da62f59cca6&oe=568223D2&__gda__=1451385925_976398e3ab99b6ccebfdc32468cba97c", "facebook": "https://www.facebook.com/kerry.mccurleyjohnson", "company": "SKLD Information Services", "leadscore": 6}, {"name": "Mark Holland", "url": "https://www.facebook.com/mark.holland.3344", "company": "The Fainting Goat Pub, Hopper's Sports Grill, Land Data Images, LLC", "linkedin": "http://www.linkedin.com/pub/mark-holland/3/246/b57", "job": "Former Owner", "score": 3, "image_url": "https://fbcdn-profile-a.akamaihd.net/hprofile-ak-xfp1/v/t1.0-1/c0.33.200.200/1795483_10152705619633636_1534652624_n.jpg?oh=087146760825f5f63fd75a399c2a3e71&oe=563E7DE3&__gda__=1451241718_605f32db3dbfdb3415336d2a6c97729e", "facebook": "https://www.facebook.com/mark.holland.3344", "id": "mark.holland.3344", "leadscore": 6}, {"name": "Jake Smith", "degree": "Communication Studies", "url": "https://www.facebook.com/1174238758", "company": "BizCard Xpress, Littleton, Colorado, Owner-operator", "linkedin": "http://www.linkedin.com/pub/jacob-smith/53/9a0/852", "job": "Owner-operator", "score": 3, "image_url": "https://fbcdn-profile-a.akamaihd.net/hprofile-ak-xap1/v/t1.0-1/p320x320/10906020_10205473287809642_679682910201246755_n.jpg?oh=cd6d0c592ae343dcc5c29c86675eb183&oe=56819A3A&__gda__=1448029893_70714fb9e1f6fe19e4db1c073d25715d", "facebook": "https://www.facebook.com/1174238758", "id": "1174238758", "leadscore": 6}, {"name": "Loren Landow", "url": "https://www.linkedin.com/pub/loren-landow/5/902/ba6", "company": "Steadman Hawkins Orthopedic group (DTC)", "linkedin": "https://www.linkedin.com/pub/loren-landow/5/902/ba6", "job": "Owner / Director of Sports Performance", "score": 3, "image_url": "https://media.licdn.com/media/p/2/000/010/248/22ebb2f.jpg", "facebook": "http://www.facebook.com/people/_/1163545706", "id": 40291369, "leadscore": 6}, {"name": "Eric Barnes", "url": "https://www.linkedin.com/pub/eric-barnes/b/134/59", "company": "Wagner Barnes PC", "linkedin": "https://www.linkedin.com/pub/eric-barnes/b/134/59", "job": "Partner/VP", "score": 3, "image_url": "https://media.licdn.com/mpr/mpr/shrinknp_400_400/p/4/000/171/087/08f3563.jpg", "id": 40291312, "leadscore": 6}, {"name": "Dave Logan", "url": "http://www.linkedin.com/pub/dave-logan/7/198/b84", "company": "kOA Radio", "linkedin": "http://www.linkedin.com/pub/dave-logan/7/198/b84", "job": "Broadcaster", "score": 3, "image_url": "http://graph.facebook.com/100000994815069/picture?type=large", "facebook": "http://www.facebook.com/people/_/100000994815069", "id": 4763110, "leadscore": 6}, {"name": "Tyler McCann", "url": "http://www.linkedin.com/pub/tyler-mccann/30/711/585", "company": "MusclePharm, Corporation", "amazon": "http://www.amazon.com/wishlist/1P6S2FADQ2M2X", "linkedin": "http://www.linkedin.com/pub/tyler-mccann/30/711/585", "job": "Quality Assurance Manager", "score": 3, "image_url": "https://media.licdn.com/mpr/mpr/shrinknp_400_400/AAEAAQAAAAAAAAKUAAAAJDE4OWY2OWQ4LWQ0MzgtNDVjZi1iYTAxLTEwODRjOTAzODZlOQ.jpg", "facebook": "http://www.facebook.com/people/_/774706094", "id": 12240261, "leadscore": 6}, {"name": "Chelsea Wells", "pinterest": "http://www.pinterest.com/chelsea052893/", "url": "https://www.facebook.com/chelseawells.12", "company": "Mesa County Health Department", "job": "Works", "score": 3, "image_url": "https://fbcdn-profile-a.akamaihd.net/hprofile-ak-xat1/v/t1.0-1/p320x320/11144416_10207366120537340_3697018187181313804_n.jpg?oh=0e6f64bfb6123b064390c76974512b07&oe=564178CD&__gda__=1446521506_a8c82eb3f930fc9111ef2cc3fb480efb", "plus": "https://plus.google.com/103210115852047855974/about", "facebook": "https://www.facebook.com/chelseawells.12", "id": "chelseawells.12", "leadscore": 5}, {"name": "Richard Lindow", "url": "https://www.facebook.com/lindowsgroup", "company": "Lindowsgroup", "linkedin": "https://www.linkedin.com/pub/richard-lindow/44/97a/b60", "job": "Owner", "score": 3, "image_url": "https://fbcdn-profile-a.akamaihd.net/hprofile-ak-xft1/v/t1.0-1/p320x320/11694855_1092279320799402_1020167141771906603_n.jpg?oh=4fe4f47b772912760da10174f177c2f4&oe=563BF2A1&__gda__=1447397924_6ec2e3df50c0aa035ef90fa922ae8668", "facebook": "https://www.facebook.com/lindowsgroup", "id": "lindowsgroup", "leadscore": 5}, {"name": "Rachel Close-Sawyer", "url": "https://www.linkedin.com/pub/rachel-close-sawyer/7a/515/79a", "company": "Seed Technologies, Inc", "linkedin": "https://www.linkedin.com/pub/rachel-close-sawyer/7a/515/79a", "job": "Vice President of Sales", "score": 3, "image_url": "https://media.licdn.com/mpr/mpr/shrinknp_400_400/p/6/005/0b5/2ba/07207ed.jpg", "plus": "https://plus.google.com/104813664700922972394/about", "facebook": "http://www.facebook.com/people/_/100000502075809", "id": 40291363, "leadscore": 5}, {"name": "Aldo DelPiccolo", "url": "http://www.linkedin.com/pub/aldo-delpiccolo/19/7a9/128", "company": "Dewhirst & Dolven, LLC - Attorneys at Law", "linkedin": "http://www.linkedin.com/pub/aldo-delpiccolo/19/7a9/128", "job": "Special Counsel", "score": 3, "image_url": "https://media.licdn.com/mpr/mpr/shrinknp_400_400/p/8/005/09a/17d/09760df.jpg", "id": 11105148, "leadscore": 5}, {"name": "Emil Musgrove", "url": "https://www.linkedin.com/pub/emil-musgrove/11/24b/274", "company": "Centennial State Financial, an office of MetLife", "linkedin": "https://www.linkedin.com/pub/emil-musgrove/11/24b/274", "job": "Director of Operations", "score": 3, "image_url": "https://myspace.com/common/images/user.png", "id": 40291337, "leadscore": 5}, {"name": "Jesse Brownell", "url": "http://www.linkedin.com/pub/jesse-brownell/7/788/429", "company": "Highland Capital Management, L.P.", "linkedin": "http://www.linkedin.com/pub/jesse-brownell/7/788/429", "job": "Regional Sales Director", "score": 3, "image_url": "https://myspace.com/common/images/user.png", "id": 20246974, "leadscore": 5}, {"school": "The University of New Mexico", "name": "Jay Latchison", "twitter": "http://www.twitter.com/SimplyJaymar", "url": "http://www.linkedin.com/pub/jay-latchison/31/966/a30", "company": "Connect Wireless", "linkedin": "http://www.linkedin.com/pub/jay-latchison/31/966/a30", "job": "Retail Sales Consultant", "score": 3, "image_url": "https://media.licdn.com/mpr/mpr/shrinknp_400_400/AAEAAQAAAAAAAAKeAAAAJDhkZDY2MmY0LThlZTQtNDgzYi1iYjYxLWFjYmQ0MDU0MGFjOA.jpg", "facebook": "http://www.facebook.com/people/_/728187455", "id": 6913048, "leadscore": 5}, {"name": "Alison Satriana", "pinterest": "http://pinterest.com/satriana/", "url": "https://www.linkedin.com/pub/alison-satriana/2b/832/727", "company": "M + M Inc.", "linkedin": "https://www.linkedin.com/pub/alison-satriana/2b/832/727", "job": "Account Executive", "score": 3, "image_url": "https://media.licdn.com/mpr/mpr/shrinknp_400_400/AAEAAQAAAAAAAAZKAAAAJGQ0OTM1MmQ1LTY2ZDQtNDhkZC1hY2E3LWViZjU5ZjdjYzRmZQ.jpg", "facebook": "http://www.facebook.com/people/_/502521254", "id": 40291324, "leadscore": 5}, {"name": "Tyler Thyfault", "degree": "Mechanical Engineering", "url": "https://www.facebook.com/tyler.j.thyfault", "company": "Encana", "linkedin": "http://www.linkedin.com/pub/tyler-thyfault/46/65b/8b6", "job": "Engineer", "score": 3, "image_url": "https://fbcdn-profile-a.akamaihd.net/hprofile-ak-xaf1/v/t1.0-1/p320x320/1512368_10100239177109348_890640628_n.jpg?oh=c1df17bc9ad8e7b677db0b91f3f6ddc9&oe=565012DC&__gda__=1447860625_e43850308d5b9ac0320f47b2c43ca9f4", "facebook": "https://www.facebook.com/tyler.j.thyfault", "id": "tyler.j.thyfault", "leadscore": 4}, {"name": "Katie Angerhofer", "degree": "Accounting", "pinterest": "http://www.pinterest.com/KatieAngerhofer/", "url": "https://www.facebook.com/katie.jensen.106", "company": "Prestigio Real Estate", "job": "Realtor", "score": 3, "image_url": "https://fbcdn-profile-a.akamaihd.net/hprofile-ak-xpf1/v/t1.0-1/p320x320/10361574_10101958088751433_4516258447601290294_n.jpg?oh=412941aed652fbe49e96f21b61d1f544&oe=56356D33&__gda__=1451312459_92f8289ee3b1718df4df02acc44944f1", "facebook": "https://www.facebook.com/katie.jensen.106", "id": "katie.jensen.106", "leadscore": 4}, {"name": "chuck lacouture", "url": "http://www.linkedin.com/pub/chuck-lacouture/26/903/696", "company": "Whiting Petroleum", "linkedin": "http://www.linkedin.com/pub/chuck-lacouture/26/903/696", "job": "vp", "score": 3, "image_url": "https://myspace.com/common/images/user.png", "id": 1134581, "leadscore": 4}, {"name": "Gordon Sanchez", "url": "https://www.linkedin.com/pub/gordon-sanchez/71/b98/1a0", "company": "Self-employed", "linkedin": "https://www.linkedin.com/pub/gordon-sanchez/71/b98/1a0", "job": "Attorney", "score": 3, "image_url": "https://media.licdn.com/mpr/mpr/shrinknp_400_400/p/6/005/05c/119/05151f8.jpg", "id": 40291370, "leadscore": 4}, {"name": "Erin MacCarthy", "url": "https://www.linkedin.com/pub/erin-maccarthy/52/b72/830", "company": "Willbros Engineers, Inc.", "linkedin": "https://www.linkedin.com/pub/erin-maccarthy/52/b72/830", "job": "Designer", "score": 3, "image_url": "https://media.licdn.com/mpr/mpr/shrinknp_400_400/p/4/005/054/1c8/2133e05.jpg", "facebook": "http://www.facebook.com/people/_/19215863", "id": 40291323, "leadscore": 4}, {"name": "Kevin Webber, CSCA", "url": "https://www.linkedin.com/pub/kevin-webber-csca/27/a7a/29", "company": "Nexus Corporation", "linkedin": "https://www.linkedin.com/pub/kevin-webber-csca/27/a7a/29", "job": "Project Manager/Purchasing Analyst", "score": 3, "image_url": "https://media.licdn.com/mpr/mpr/shrinknp_400_400/p/2/000/090/0c0/38dfb7c.jpg", "id": 40291333, "leadscore": 4}, {"school": "The University of New Mexico", "name": "Nadia Adnan", "url": "http://www.linkedin.com/pub/nadia-adnan/12/303/48", "company": "Savant Learning Systems Inc.", "linkedin": "http://www.linkedin.com/pub/nadia-adnan/12/303/48", "job": "Project Management | Marketing", "score": 3, "image_url": "https://media.licdn.com/mpr/mpr/shrinknp_400_400/AAEAAQAAAAAAAAMHAAAAJDhjMDgwOWQ5LWIwMTItNDRmMi1hOTI4LTdhNTg5ZjIwMGZmYQ.jpg", "plus": "https://plus.google.com/115281296019557094132/about", "id": 17989489, "leadscore": 4}, {"name": "Tom Biren, ChFC\u00ae", "url": "https://www.linkedin.com/in/tombiren", "company": "Eagle Strategies LLC", "linkedin": "https://www.linkedin.com/in/tombiren", "job": "Financial Adviser", "score": 3, "image_url": "https://myspace.com/common/images/user.png", "id": 40291334, "leadscore": 4}, {"name": "Michael Payne LEED-AP, AIBD, AIA-PA", "url": "https://www.linkedin.com/in/michaeldpayne", "company": "Empire Construction", "linkedin": "https://www.linkedin.com/in/michaeldpayne", "job": "Owner", "score": 3, "image_url": "https://media.licdn.com/mpr/mpr/shrinknp_400_400/p/4/005/0aa/0a0/218e304.jpg", "plus": "https://plus.google.com/104389200098617719446/about", "id": 40291336, "leadscore": 4}, {"name": "Justin DesCombes, RL", "url": "http://www.linkedin.com/pub/justin-descombes-rl/56/b28/a38", "company": "Purple Land Management", "linkedin": "http://www.linkedin.com/pub/justin-descombes-rl/56/b28/a38", "job": "Landman", "score": 3, "image_url": "https://media.licdn.com/media/p/6/000/1bd/0b1/21d36b0.jpg", "facebook": "http://www.facebook.com/people/_/1427613627", "id": 38528058, "leadscore": 4}, {"name": "Molly Edwards", "url": "http://www.linkedin.com/pub/molly-edwards/a/781/2b0", "company": "DaVita", "linkedin": "http://www.linkedin.com/pub/molly-edwards/a/781/2b0", "job": "Strategy Manager", "score": 3, "image_url": "http://m.c.lnkd.licdn.com/mpr/mpr/shrink_200_200/p/1/000/03c/07d/0945ea9.jpg", "plus": "https://plus.google.com/103447770835978916331/about", "id": 22898496, "leadscore": 4}, {"school": "The University of New Mexico", "name": "Jennifer Pedraza", "url": "http://www.linkedin.com/pub/jennifer-pedraza/25/763/419", "company": "IBM", "linkedin": "http://www.linkedin.com/pub/jennifer-pedraza/25/763/419", "job": "Senior Change Management Consultant", "score": 3, "image_url": "https://media.licdn.com/mpr/mpr/shrinknp_400_400/p/3/000/0ee/030/398ab90.jpg", "id": 28226870, "leadscore": 4}, {"school": "The University of New Mexico", "name": "Steve Flores, MBA", "url": "http://www.linkedin.com/pub/steve-flores-mba/5/5a5/b85", "company": "Stolle Machinery", "linkedin": "http://www.linkedin.com/pub/steve-flores-mba/5/5a5/b85", "job": "Chief Information Officer", "score": 3, "image_url": "http://m.c.lnkd.licdn.com/mpr/mpr/shrink_200_200/p/2/000/0bc/23f/1480049.jpg", "facebook": "http://facebook.com/people/_/1722681455", "id": 24642983, "leadscore": 4}, {"name": "Taffin Smith", "url": "http://www.linkedin.com/pub/taffin-smith/17/65b/446", "company": "DaVita", "linkedin": "http://www.linkedin.com/pub/taffin-smith/17/65b/446", "job": "Senior Recruiter", "score": 3, "image_url": "https://media.licdn.com/mpr/mpr/shrinknp_400_400/AAEAAQAAAAAAAAJzAAAAJDkyMmM3OWVmLTYzNmEtNGNhMy04NmJjLTBiNDQxMWU4ZGE5Mw.jpg", "id": 22526497, "leadscore": 4}, {"name": "Garrett Gunberg", "url": "http://www.linkedin.com/pub/garrett-gunberg/13/356/89", "company": "Personal Capital Advisors", "linkedin": "http://www.linkedin.com/pub/garrett-gunberg/13/356/89", "job": "Senior Vice President and Team Leader", "score": 3, "image_url": "https://media.licdn.com/mpr/mpr/shrinknp_400_400/AAEAAQAAAAAAAAJGAAAAJDM1Mjc3ZDYyLWI4YzAtNDUwMi1hZDg4LTc3ZWM4Mzc5Mjg3ZQ.jpg", "plus": "https://plus.google.com/114478171698188835940/about", "id": 22982432, "leadscore": 4}, {"name": "Lindsey Marie ", "degree": "English Education", "pinterest": "http://www.pinterest.com/littlewelsh/", "url": "https://www.facebook.com/lindsey.welsh.566", "company": "Arvada West High School and Bartender", "job": "English Language Arts Teacher/Theatre Director", "score": 2, "image_url": "https://fbcdn-profile-a.akamaihd.net/hprofile-ak-xtp1/v/t1.0-1/p320x320/11692622_10102298789968463_7194646381957225866_n.jpg?oh=a7a866eafd3550c67c54488823fc32fb&oe=56387411&__gda__=1446794697_4849d1365e645b8ad6f34241fe5a344a", "facebook": "https://www.facebook.com/lindsey.welsh.566", "id": "lindsey.welsh.566", "leadscore": 3}, {"company": "Wynn Las Vegas", "job": "Owner", "facebook": "https://www.facebook.com/jermichael.oheagerty", "id": "jermichael.oheagerty", "leadscore": 3, "name": "Michael O'Heagerty", "url": "https://www.facebook.com/jermichael.oheagerty", "score": 2, "image_url": "https://fbcdn-profile-a.akamaihd.net/hprofile-ak-xfa1/v/t1.0-1/p320x320/10689725_10204136186258643_2881268352333816007_n.jpg?oh=e9181f0f99b27d53c11d95bd1a85833a&oe=567B6B28&__gda__=1450921240_73e4a2e1087f97c2dd5b6297623b8bdf"}, {"degree": "Public Relations", "company": "SilverEdge", "job": "Senior Account Executive", "facebook": "https://www.facebook.com/525827500", "id": "525827500", "leadscore": 3, "school": "University of New Mexico", "name": "Anthony Martinez", "url": "https://www.facebook.com/525827500", "score": 2, "image_url": "https://fbcdn-profile-a.akamaihd.net/hprofile-ak-prn2/v/t1.0-1/c36.36.455.455/s320x320/1013149_10152049518012501_1797370535_n.jpg?oh=7c6a1b5c6b3f1dcf00104c9619bf9eb7&oe=564CC6DC&__gda__=1451431719_18934ad3bef0e26eb22842b5f77f478d"}, {"name": "Ryan Piefer Bohlim", "url": "https://www.facebook.com/ryan.p.bohlim", "company": "Environmental StoneWorks", "linkedin": "http://www.linkedin.com/pub/ryan-bohlim/43/765/8a9", "job": "Sales, Estimator", "score": 2, "image_url": "https://fbcdn-profile-a.akamaihd.net/hprofile-ak-xfp1/v/t1.0-1/p320x320/10984240_10154006891409307_5966714544909827447_n.jpg?oh=2e7836638234591d08d5d0767b32100c&oe=567DEFE4&__gda__=1446876531_3a5642e196da5d4400bbb152510999e0", "facebook": "https://www.facebook.com/ryan.p.bohlim", "id": "ryan.p.bohlim", "leadscore": 3}, {"name": "Matt Haag", "url": "https://www.linkedin.com/pub/matt-haag/32/48/1a9", "company": "Rally Software", "linkedin": "https://www.linkedin.com/pub/matt-haag/32/48/1a9", "job": "Business Intelligence Analyst", "score": 2, "image_url": "https://media.licdn.com/media/p/1/000/0e4/2c3/299e731.jpg", "plus": "https://plus.google.com/111438736497237269565/about", "id": 40291310, "leadscore": 3}, {"name": "Erica S. Easter", "url": "https://www.linkedin.com/in/ericaeaster", "company": "Easter-Owens Electric Co", "linkedin": "https://www.linkedin.com/in/ericaeaster", "job": "Vice President", "score": 2, "image_url": "https://media.licdn.com/mpr/mpr/shrinknp_400_400/AAEAAQAAAAAAAALlAAAAJDFkZDIwYzBhLWUyYzktNDljMi04NDc4LTg4ODZkYzcxYjcyMw.jpg", "plus": "https://plus.google.com/107629974582626422174/about", "id": 40291329, "leadscore": 3}, {"name": "Chandler Fendler", "url": "https://www.linkedin.com/pub/chandler-fendler/a3/806/4a2", "company": "LIV Sotheby\u2019s International Realty", "linkedin": "https://www.linkedin.com/pub/chandler-fendler/a3/806/4a2", "job": "Real Estate Broker Associate", "score": 2, "image_url": "https://media.licdn.com/mpr/mpr/shrinknp_400_400/p/7/005/08c/209/05d2eba.jpg", "id": 40291342, "leadscore": 3}, {"name": "Evi Ranson", "url": "http://www.linkedin.com/pub/evi-ranson/47/a97/884", "company": "SIDFACTOR", "linkedin": "http://www.linkedin.com/pub/evi-ranson/47/a97/884", "job": "Product Development/ Project Management", "score": 2, "image_url": "https://media.licdn.com/mpr/mpr/shrinknp_400_400/p/8/005/081/3ad/3a76caa.jpg", "id": 30037676, "leadscore": 3}, {"name": "Kyle Petersen", "url": "http://www.linkedin.com/pub/kyle-petersen/21/800/858", "company": "TIAA-CREF", "linkedin": "http://www.linkedin.com/pub/kyle-petersen/21/800/858", "job": "Individual Advisory Services, Client Relationship Consultant", "score": 2, "image_url": "https://media.licdn.com/media/p/5/005/099/281/1ea8335.jpg", "id": 25782037, "leadscore": 3}, {"name": "Alina Frikken", "url": "https://www.linkedin.com/pub/alina-frikken/75/10/926", "company": "ECI Site Construction Management, Inc.", "linkedin": "https://www.linkedin.com/pub/alina-frikken/75/10/926", "job": "Business Developer/ Project Support", "score": 2, "image_url": "https://media.licdn.com/mpr/mpr/shrinknp_400_400/p/1/005/09d/01e/0368b3d.jpg", "id": 40291338, "leadscore": 3}, {"school": "The University of New Mexico", "name": "Greyson Wieczorek", "url": "http://www.linkedin.com/pub/greyson-wieczorek/66/461/a71", "company": "Wellbridge", "linkedin": "http://www.linkedin.com/pub/greyson-wieczorek/66/461/a71", "job": "Membership Representative", "score": 2, "image_url": "https://media.licdn.com/mpr/mpr/shrinknp_400_400/p/1/000/227/197/085e4e3.jpg", "id": 10073483, "leadscore": 3}, {"name": "Hollyne Gillach", "pinterest": "http://pinterest.com/gillach/", "url": "https://www.linkedin.com/pub/hollyne-gillach/56/532/32", "company": "Cardel Homes", "linkedin": "https://www.linkedin.com/pub/hollyne-gillach/56/532/32", "job": "Buyer Coordinator", "score": 2, "image_url": "https://media.licdn.com/mpr/mpr/shrinknp_400_400/p/2/000/192/295/0b2c8b6.jpg", "facebook": "http://www.facebook.com/people/_/813918905", "id": 40291373, "leadscore": 3}, {"name": "Derek Rowe", "url": "http://www.linkedin.com/pub/derek-rowe/20/609/22a", "company": "MusclePharm, Corporation", "linkedin": "http://www.linkedin.com/pub/derek-rowe/20/609/22a", "job": "Inside Sales Representative/Account Manager", "score": 2, "image_url": "https://media.licdn.com/mpr/mpr/shrinknp_400_400/p/8/005/09d/273/32376a9.jpg", "id": 7279970, "leadscore": 3}, {"name": "Josh Behr", "url": "https://www.linkedin.com/in/joshbehrfullersothebys", "company": "FULLER SOTHEBY'S INTERNATIONAL REALTY", "linkedin": "https://www.linkedin.com/in/joshbehrfullersothebys", "job": "REAL ESTATE", "score": 2, "image_url": "https://media.licdn.com/mpr/mpr/shrinknp_400_400/p/6/005/04d/2d9/0d9fcfb.jpg", "facebook": "http://www.facebook.com/people/_/100000791617634", "id": 40291270, "leadscore": 3}, {"name": "Arlis Hansberry", "url": "http://www.linkedin.com/pub/arlis-hansberry/49/979/7aa", "company": "SDL plc", "linkedin": "http://www.linkedin.com/pub/arlis-hansberry/49/979/7aa", "job": "Cloud Applications Lead Engineer", "score": 2, "image_url": "https://media.licdn.com/mpr/mpr/shrinknp_400_400/AAEAAQAAAAAAAAK0AAAAJDkzYWQ1YzQyLWMxMWItNDQyOS1hYjc1LWQyNDRkMjVhYzMzZg.jpg", "id": 13129343, "leadscore": 3}, {"name": "Levi Bonnell, MPH", "url": "http://www.linkedin.com/pub/levi-bonnell-mph/59/777/249", "company": "Division of Ophthalmic Epidemiology", "linkedin": "http://www.linkedin.com/pub/levi-bonnell-mph/59/777/249", "job": "PRA", "score": 2, "image_url": "https://media.licdn.com/mpr/mpr/shrinknp_400_400/p/8/000/20a/374/1010190.jpg", "id": 21726108, "leadscore": 3}, {"name": "Jeff Petsche", "url": "http://www.linkedin.com/pub/jeff-petsche/3b/29b/2b3", "company": "Patrick Engineering", "linkedin": "http://www.linkedin.com/pub/jeff-petsche/3b/29b/2b3", "job": "Staff Engineer", "score": 2, "image_url": "https://media.licdn.com/mpr/mpr/shrinknp_400_400/p/6/005/039/340/060400d.jpg", "id": 29453791, "leadscore": 3}, {"school": "The University of New Mexico - Robert O. Anderson School of Management", "name": "Stephen Park", "url": "http://www.linkedin.com/pub/stephen-park/28/219/157", "company": "Federal Reserve Bank of Kansas City", "linkedin": "http://www.linkedin.com/pub/stephen-park/28/219/157", "job": "Assistant Bank Examiner", "score": 2, "image_url": "https://media.licdn.com/media/p/1/000/0d7/28c/001b4d4.jpg", "id": 6574102, "leadscore": 3}, {"school": "The University of New Mexico", "name": "Cameron Smith", "url": "https://www.linkedin.com/pub/cameron-smith/33/937/a7a", "company": "Self Employed", "linkedin": "https://www.linkedin.com/pub/cameron-smith/33/937/a7a", "job": "Real Estate Appraiser", "score": 2, "image_url": "https://media.licdn.com/mpr/mpr/shrinknp_400_400/p/5/005/066/08a/0adf65c.jpg", "plus": "https://plus.google.com/115895033389574246331/about", "id": 40291341, "leadscore": 3}, {"name": "Nicole Wolf", "url": "https://www.linkedin.com/pub/nicole-wolf/20/519/636", "company": "Coldwell Banker Residential", "linkedin": "https://www.linkedin.com/pub/nicole-wolf/20/519/636", "job": "Associate Broker", "score": 2, "image_url": "https://media.licdn.com/mpr/mpr/shrinknp_400_400/AAEAAQAAAAAAAAMDAAAAJDIzNzE4ZmY2LWJkNjEtNGVlZS1hOTczLTMzNjIyODEwOWEyZA.jpg", "id": 40291290, "leadscore": 3}, {"school": "The University of New Mexico", "name": "Jessica (Quador) Gillman", "url": "https://www.linkedin.com/pub/jessica-quador-gillman/30/468/6b9", "company": "24 Hour Fitness", "linkedin": "https://www.linkedin.com/pub/jessica-quador-gillman/30/468/6b9", "job": "Club Manager", "score": 2, "image_url": "https://media.licdn.com/media/p/2/000/0ad/375/03a0253.jpg", "id": 40291335, "leadscore": 3}, {"name": "Brandon Ribble", "url": "http://www.linkedin.com/pub/brandon-ribble/2a/3bb/77a", "company": "Keller Williams Real Estate", "linkedin": "http://www.linkedin.com/pub/brandon-ribble/2a/3bb/77a", "job": "Realtor", "score": 2, "image_url": "https://media.licdn.com/mpr/mpr/shrinknp_400_400/p/5/005/04b/0bb/1432ff1.jpg", "id": 16164912, "leadscore": 3}, {"name": "Trish Koman", "url": "https://www.linkedin.com/pub/trish-koman/4/430/b24", "company": "Herblan Insulation Co.", "linkedin": "https://www.linkedin.com/pub/trish-koman/4/430/b24", "job": "Senior Estimating Manager", "score": 2, "image_url": "https://media.licdn.com/mpr/mpr/shrinknp_400_400/AAEAAQAAAAAAAAZeAAAAJDRjM2NkYjAyLTJmZmMtNGNhNC04ZjU2LTFhYzM5OTkzOTdhMg.jpg", "id": 40291259, "leadscore": 3}, {"name": "Cory Zachman", "url": "https://www.linkedin.com/pub/cory-zachman/8/414/a78", "company": "Comcast VIPER", "linkedin": "https://www.linkedin.com/pub/cory-zachman/8/414/a78", "job": "Software Engineer", "score": 2, "image_url": "https://media.licdn.com/media/p/3/000/05c/2f4/132e104.jpg", "id": 40291293, "leadscore": 3}, {"name": "Shane Elliot", "url": "http://www.linkedin.com/pub/shane-elliot/47/956/ba5", "company": "NorthStar Securities, LLC", "linkedin": "http://www.linkedin.com/pub/shane-elliot/47/956/ba5", "job": "Associate Regional Sales Consultant", "score": 2, "image_url": "https://media.licdn.com/mpr/mpr/shrinknp_400_400/AAEAAQAAAAAAAANnAAAAJGM1ZTliNjc4LWZkMWItNDZiMC05ODBmLTVjYzc1MjdkNDlkNg.jpg", "facebook": "http://www.facebook.com/people/_/679248018", "id": 30075934, "leadscore": 3}, {"name": "Rocco DeLorenzo", "url": "http://www.linkedin.com/pub/rocco-delorenzo/38/7a6/298", "company": "D-ROC Renovations LLC", "linkedin": "http://www.linkedin.com/pub/rocco-delorenzo/38/7a6/298", "job": "Co Owner", "score": 2, "image_url": "https://media.licdn.com/mpr/mpr/shrinknp_400_400/AAEAAQAAAAAAAAJPAAAAJDc3MzRhOWQ2LTA5ZjktNDgxNy04YjJjLTg3MDJjNzEwZjkxMg.jpg", "facebook": "http://www.facebook.com/people/_/1061383995", "id": 33497203, "leadscore": 3}, {"name": "Marco DelPiccolo, PE", "url": "https://www.linkedin.com/pub/marco-delpiccolo-pe/10/436/259", "company": "OpTerra Energy Services", "linkedin": "https://www.linkedin.com/pub/marco-delpiccolo-pe/10/436/259", "job": "Project Engineer", "score": 2, "image_url": "https://media.licdn.com/mpr/mpr/shrinknp_400_400/p/2/000/1b7/1a5/35c34ca.jpg", "id": 40291301, "leadscore": 3}, {"name": "Kyle Kadavy", "url": "http://www.linkedin.com/pub/kyle-kadavy/64/344/4a2", "company": "Preferred Realty Partners - Keller Williams Realty", "linkedin": "http://www.linkedin.com/pub/kyle-kadavy/64/344/4a2", "job": "Real Estate Broker", "score": 2, "image_url": "https://media.licdn.com/mpr/mpr/shrinknp_400_400/AAEAAQAAAAAAAAJBAAAAJDBhOGVhZDczLWI1Y2YtNDU4Yi1hNzgzLTNkZDkzOTI3NjE5OA.jpg", "id": 12261808, "leadscore": 3}, {"name": "Kane Kunz", "url": "http://www.linkedin.com/pub/kane-kunz/40/490/a1", "company": "Kane Capital, LLC", "linkedin": "http://www.linkedin.com/pub/kane-kunz/40/490/a1", "job": "Founder/Owner", "score": 2, "image_url": "https://media.licdn.com/mpr/mpr/shrinknp_400_400/AAEAAQAAAAAAAALmAAAAJDM3YTE5OTdlLWY1MTYtNDI5MS1hYTBiLTQ2ZGQ1Y2MyMzU5Yg.jpg", "id": 13865193, "leadscore": 3}, {"name": "Danny Thyfault", "twitter": "http://twitter.com/thyfault925", "url": "https://www.linkedin.com/pub/danny-thyfault/8/ab2/418", "company": "Charles Schwab", "linkedin": "https://www.linkedin.com/pub/danny-thyfault/8/ab2/418", "job": "Associate Financial Representative", "score": 2, "image_url": "https://media.licdn.com/mpr/mpr/shrinknp_400_400/p/1/000/110/25b/2aabafb.jpg", "facebook": "http://www.facebook.com/people/_/72202584", "id": 40291331, "leadscore": 3}, {"name": "Gerard DiManna", "url": "http://www.linkedin.com/pub/gerard-dimanna/7/5a1/3b2", "company": "Owens Corning", "linkedin": "http://www.linkedin.com/pub/gerard-dimanna/7/5a1/3b2", "job": "Regional Sales Leader", "score": 2, "image_url": "https://media.licdn.com/mpr/mpr/shrinknp_400_400/p/2/000/08e/041/0b48e45.jpg", "id": 2785442, "leadscore": 3}, {"company": "Keller Williams Preferred Realty Denver North", "job": "Associate Broker", "facebook": "https://www.facebook.com/kyle.kadavy.3", "id": "kyle.kadavy.3", "leadscore": 2, "name": "Kyle Kadavy", "url": "https://www.facebook.com/kyle.kadavy.3", "score": 2, "image_url": "https://fbcdn-profile-a.akamaihd.net/hprofile-ak-xap1/v/t1.0-1/p320x320/603852_10152589438231222_4500175336527212015_n.jpg?oh=5f9a6f3c0a0ab9a1cb4eafc7530d773f&oe=56478CC5&__gda__=1447902144_591c496154e5e6760edb987955f4164e"}, {"company": "Terracon Consultants, Inc.", "job": "Project Manager", "facebook": "https://www.facebook.com/alex.e.tipton", "id": "alex.e.tipton", "leadscore": 2, "name": "Alex Tipton", "url": "https://www.facebook.com/alex.e.tipton", "score": 2, "image_url": "https://fbcdn-profile-a.akamaihd.net/hprofile-ak-xpt1/v/t1.0-1/p320x320/11403301_10206841221927988_8098550825997051055_n.jpg?oh=596d6e515c108789273ee3a1715f97f1&oe=564A67A9&__gda__=1446492965_71e456b9986aa38f7ee401e288b6904c"}, {"company": "The Pickle Farm", "job": "Salter", "facebook": "https://www.facebook.com/geoffrey.greenman.9", "id": "geoffrey.greenman.9", "leadscore": 2, "name": "Geoffrey Greenman", "url": "https://www.facebook.com/geoffrey.greenman.9", "score": 2, "image_url": "https://fbcdn-profile-a.akamaihd.net/hprofile-ak-xfa1/v/t1.0-1/c13.0.320.320/p320x320/1560603_10152526055456839_4081146622203282443_n.jpg?oh=2780a5559372987c65e6f63df67eb4e0&oe=5637730E&__gda__=1448210872_9af49bbce520032e7301692d0548b8e4"}, {"degree": "Civil Engineering", "company": "OpTerra Energy Services", "job": "Project Engineer", "facebook": "https://www.facebook.com/marco.delpiccolo", "id": "marco.delpiccolo", "leadscore": 2, "name": "Marco DelPiccolo", "url": "https://www.facebook.com/marco.delpiccolo", "score": 2, "image_url": "https://fbcdn-profile-a.akamaihd.net/hprofile-ak-xap1/v/t1.0-1/p320x320/11143666_794672193770_3416602198941315616_n.jpg?oh=978fdd94ac7ea59202612588e282d119&oe=564B6345&__gda__=1447717863_af47ab0c6dce71993870354e55a79fd4"}, {"company": "American Civil Constructors", "job": "Works", "facebook": "https://www.facebook.com/riley.horan.75", "id": "riley.horan.75", "leadscore": 2, "name": "Riley Horan", "url": "https://www.facebook.com/riley.horan.75", "score": 2, "image_url": "https://fbcdn-profile-a.akamaihd.net/hprofile-ak-xap1/v/t1.0-1/c46.29.367.367/s320x320/1098515_10151588442133937_17701550_n.jpg?oh=653a36fb589d07fcd2657eb39e70425d&oe=5642120D&__gda__=1446540549_2cbcccd9329b4fc2981e672019942030"}, {"degree": "LIFE", "company": "Great Lakes Airlines", "job": "Former Pilot", "facebook": "https://www.facebook.com/jerard.barela", "id": "jerard.barela", "leadscore": 2, "name": "Jerard Barela", "url": "https://www.facebook.com/jerard.barela", "score": 2, "image_url": "https://fbcdn-profile-a.akamaihd.net/hprofile-ak-xpf1/v/t1.0-1/p320x320/11026307_10206162135161593_6167915109760410627_n.jpg?oh=dafe92704b4ebbfaf02d361d6b66a74e&oe=56842ACE&__gda__=1451063990_399dfd8dcbe16082f48935c4061137b5"}, {"degree": "Economics", "company": "Yardi Systems", "job": "Database Programmer", "facebook": "https://www.facebook.com/al.bohlim", "id": "al.bohlim", "leadscore": 2, "name": "Al Bohlim", "url": "https://www.facebook.com/al.bohlim", "score": 2, "image_url": "https://fbcdn-profile-a.akamaihd.net/hprofile-ak-xft1/v/t1.0-1/p320x320/11742755_10153066866606733_6603599298284428517_n.jpg?oh=0fd8d591d905398f62d22259f0a06683&oe=5635F400&__gda__=1447146541_f9afc0405b46544cc507847dca06574a"}, {"name": "Sarah Yarbrough", "url": "http://www.linkedin.com/pub/sarah-yarbrough/11/103/3b9", "company": "Bettenberg, Sharshel & Maguire, LLC", "linkedin": "http://www.linkedin.com/pub/sarah-yarbrough/11/103/3b9", "job": "Associate Attorney", "score": 2, "image_url": "https://media.licdn.com/mpr/mpr/shrinknp_400_400/p/2/000/104/2b9/230e600.jpg", "id": 37163886, "leadscore": 2}, {"name": "Josh McKinley", "url": "http://www.linkedin.com/pub/josh-mckinley/25/651/a98", "company": "Fuller Sotheby\u2019s International Realty", "linkedin": "http://www.linkedin.com/pub/josh-mckinley/25/651/a98", "job": "Broker Associate", "score": 2, "image_url": "https://media.licdn.com/mpr/mpr/shrinknp_400_400/p/6/005/0a1/2c7/0de5992.jpg", "id": 412178, "leadscore": 2}, {"name": "Devin Castor", "url": "https://www.linkedin.com/pub/devin-castor/70/2a8/a93", "company": "Milender White Construction Co.", "linkedin": "https://www.linkedin.com/pub/devin-castor/70/2a8/a93", "job": "Office/Field Engineer", "score": 2, "image_url": "https://media.licdn.com/mpr/mpr/shrinknp_400_400/p/2/000/2cd/2c4/04d1cda.jpg", "id": 40291235, "leadscore": 2}, {"name": "Jared Harding", "url": "https://www.linkedin.com/in/jaredlharding", "company": "Kroenke Sports & Entertainment", "linkedin": "https://www.linkedin.com/in/jaredlharding", "job": "Director, Social & Digital", "score": 2, "image_url": "https://media.licdn.com/mpr/mpr/shrinknp_400_400/p/1/005/0b3/305/3c8aa9c.jpg", "id": 40291266, "leadscore": 2}, {"name": "Shane Marsh", "url": "http://www.linkedin.com/pub/shane-marsh/72/344/258", "company": "Brand Energy & Infrastructure Services, Inc.", "linkedin": "http://www.linkedin.com/pub/shane-marsh/72/344/258", "job": "Project Controller", "score": 2, "image_url": "http://m.c.lnkd.licdn.com/mpr/mpr/shrink_200_200/p/3/000/269/1a8/38bd948.jpg", "id": 34802837, "leadscore": 2}, {"name": "Payton McLachlan", "url": "https://www.linkedin.com/pub/payton-mclachlan/85/ba1/a2b", "company": "KeyBank", "linkedin": "https://www.linkedin.com/pub/payton-mclachlan/85/ba1/a2b", "job": "Relationship Manager", "score": 2, "image_url": "https://media.licdn.com/mpr/mpr/shrinknp_400_400/AAEAAQAAAAAAAAO8AAAAJDMwNmI3NWRjLTA3NDktNGViYi1iMmE1LTIxZTQxOGEwZDNmYQ.jpg", "id": 40291348, "leadscore": 2}, {"name": "Ann-Marie Liane", "url": "https://www.linkedin.com/pub/ann-marie-liane/4b/a61/669", "company": "Wells Fargo", "linkedin": "https://www.linkedin.com/pub/ann-marie-liane/4b/a61/669", "job": "Business Banking Specialist", "score": 2, "image_url": "https://myspace.com/common/images/user.png", "id": 40291316, "leadscore": 2}, {"name": "Al Bohlim", "url": "https://www.linkedin.com/pub/al-bohlim/37/3a7/24a", "company": "Yardi", "linkedin": "https://www.linkedin.com/pub/al-bohlim/37/3a7/24a", "job": "Database Programmer", "score": 2, "image_url": "https://media.licdn.com/media/p/7/005/079/0af/2a2210a.jpg", "id": 40291291, "leadscore": 2}, {"name": "Will Eaton", "url": "https://www.linkedin.com/pub/will-eaton/9/b9/5a4", "company": "Checkers Industrial Safety Products", "linkedin": "https://www.linkedin.com/pub/will-eaton/9/b9/5a4", "job": "Director of National Accounts and Business Development", "score": 2, "image_url": "https://media.licdn.com/mpr/mpr/shrinknp_400_400/p/7/005/03f/222/3c0fc4d.jpg", "id": 40291229, "leadscore": 2}, {"name": "Chad Campbell", "url": "https://www.linkedin.com/pub/chad-campbell/56/490/1a9", "company": "Lone Star Steakhouse / Texas Land & Cattle", "linkedin": "https://www.linkedin.com/pub/chad-campbell/56/490/1a9", "job": "Server", "score": 2, "image_url": "https://media.licdn.com/mpr/mpr/shrinknp_400_400/AAEAAQAAAAAAAALlAAAAJDkwYzljYTZjLWYyZGUtNGYxMi1hYjcxLTAyYjZmMTY0MGVhNg.jpg", "id": 40291252, "leadscore": 2}, {"name": "Janelle Gorski", "url": "https://www.linkedin.com/in/janellegorski", "company": "Heartland Business Credit, A Subsidiary of Midland States Bank", "linkedin": "https://www.linkedin.com/in/janellegorski", "job": "Collections Account Manager", "score": 2, "image_url": "https://media.licdn.com/mpr/mpr/shrinknp_400_400/AAEAAQAAAAAAAACnAAAAJDdhMjEyYmM2LTZjOWMtNDdmMS1iYTUzLWRjZTA2ZmFiOTc1Yg.jpg", "id": 40291355, "leadscore": 2}, {"name": "Wayne Bellinger", "url": "http://www.linkedin.com/pub/wayne-bellinger/87/965/424", "company": "Coloradans for Nebraska", "linkedin": "http://www.linkedin.com/pub/wayne-bellinger/87/965/424", "job": "Member Board of Directors", "score": 2, "image_url": "https://media.licdn.com/mpr/mpr/shrinknp_400_400/AAEAAQAAAAAAAAN2AAAAJDg3ZGQ3NGE2LTgyYTMtNDVjMC04YzZiLThkZWFlYWI3YzkxMw.jpg", "id": 21363411, "leadscore": 2}, {"name": "Kevin Fahey", "url": "https://www.linkedin.com/pub/kevin-fahey/94/481/507", "company": "VersaFreight", "linkedin": "https://www.linkedin.com/pub/kevin-fahey/94/481/507", "job": "President", "score": 2, "image_url": "https://media.licdn.com/media/p/7/005/052/239/22068a3.jpg", "id": 40291325, "leadscore": 2}, {"name": "Brian Rankin", "url": "http://www.linkedin.com/pub/brian-rankin/48/1a3/a69", "company": "Saunders Construction", "linkedin": "http://www.linkedin.com/pub/brian-rankin/48/1a3/a69", "job": "Project Manager", "score": 2, "image_url": "https://media.licdn.com/media/p/4/000/13c/36b/3c691b6.jpg", "id": 18389980, "leadscore": 2}, {"school": "The University of New Mexico", "name": "Luke Campbell", "url": "https://www.linkedin.com/pub/luke-campbell/50/486/763", "company": "MusclePharm, Corporation", "linkedin": "https://www.linkedin.com/pub/luke-campbell/50/486/763", "job": "National Accounts", "score": 2, "image_url": "https://media.licdn.com/media/p/8/000/1f8/2c3/0dfb2fc.jpg", "id": 40291319, "leadscore": 2}, {"name": "Chad Rodriguez", "url": "http://www.linkedin.com/pub/chad-rodriguez/56/987/742", "company": "Graybar", "linkedin": "http://www.linkedin.com/pub/chad-rodriguez/56/987/742", "job": "Senior Outside Sales Representative", "score": 2, "image_url": "https://media.licdn.com/mpr/mpr/shrinknp_400_400/p/1/000/190/048/01495e7.jpg", "id": 1109736, "leadscore": 2}, {"name": "Derrick Martin", "url": "http://www.linkedin.com/pub/derrick-martin/6a/b13/347", "company": "City Park Realty LLC", "linkedin": "http://www.linkedin.com/pub/derrick-martin/6a/b13/347", "job": "Broker Associate", "score": 2, "image_url": "https://media.licdn.com/media/p/5/005/0b4/366/1a1cfc7.jpg", "id": 35913126, "leadscore": 2}, {"name": "Dwight Houser", "url": "https://www.linkedin.com/pub/dwight-houser/96/420/121", "company": "FlipBelt", "linkedin": "https://www.linkedin.com/pub/dwight-houser/96/420/121", "job": "Marketing", "score": 2, "image_url": "https://media.licdn.com/mpr/mpr/shrinknp_400_400/p/5/005/05a/3c2/3515c25.jpg", "id": 40291300, "leadscore": 2}, {"name": "Miranda Meyer, M.A.", "url": "https://www.linkedin.com/pub/miranda-meyer-m-a/50/310/4b7", "company": "M.J. Smith and Associates", "linkedin": "https://www.linkedin.com/pub/miranda-meyer-m-a/50/310/4b7", "job": "Director of Marketing and Communications, Executive Assistant", "score": 2, "image_url": "https://media.licdn.com/mpr/mpr/shrinknp_400_400/AAEAAQAAAAAAAAY8AAAAJDI4NTUxY2I2LWZlZjEtNGY3ZS04NWRhLTMwNGYzMDJiNGM3YQ.jpg", "id": 40291297, "leadscore": 2}, {"name": "Jake Smith", "url": "https://www.linkedin.com/pub/jake-smith/62/298/1b3", "company": "BizCard Xpress", "linkedin": "https://www.linkedin.com/pub/jake-smith/62/298/1b3", "job": "Co Owner", "score": 2, "image_url": "https://media.licdn.com/media/AAEAAQAAAAAAAAH_AAAAJDdhNDFkYmE1LWQxZDAtNDdhZC04OTA1LWFiODI0MGFmZjcwNg.jpg", "id": 40291368, "leadscore": 2}, {"name": "Derek N. Jones", "url": "https://www.linkedin.com/pub/derek-n-jones/49/968/456", "company": "Encompass Technologies, LLP", "linkedin": "https://www.linkedin.com/pub/derek-n-jones/49/968/456", "job": "Project Manager", "score": 2, "image_url": "https://media.licdn.com/mpr/mpr/shrinknp_400_400/p/2/000/21e/2f1/3334188.jpg", "id": 40291278, "leadscore": 2}, {"name": "Ashton White", "url": "http://www.linkedin.com/pub/ashton-white/76/15b/901", "company": "Coldwell Banker Residential Brokerage", "linkedin": "http://www.linkedin.com/pub/ashton-white/76/15b/901", "job": "Associate Broker", "score": 2, "image_url": "https://media.licdn.com/mpr/mpr/shrinknp_400_400/AAEAAQAAAAAAAAMfAAAAJDI0NjYxY2MwLTA0MmYtNDBhNS1hYzQzLTk3OGE5NmYwYWY1MQ.jpg", "id": 26531317, "leadscore": 2}, {"name": "Pete Rebstock", "url": "https://www.linkedin.com/pub/pete-rebstock/59/74b/2b", "company": "Concord Energy LLC", "linkedin": "https://www.linkedin.com/pub/pete-rebstock/59/74b/2b", "job": "Director of Producer Services", "score": 2, "image_url": "https://myspace.com/common/images/user.png", "id": 40291361, "leadscore": 2}, {"school": "The University of New Mexico", "name": "John Sullivan", "url": "https://www.linkedin.com/pub/john-sullivan/b2/ab1/768", "company": "Mountain West Conference", "linkedin": "https://www.linkedin.com/pub/john-sullivan/b2/ab1/768", "job": "Assistant Director of Operations", "score": 2, "image_url": "https://media.licdn.com/mpr/mpr/shrinknp_400_400/p/8/005/0b7/2a3/10b8556.jpg", "id": 40291267, "leadscore": 2}, {"name": "Tyler Hout", "url": "http://www.linkedin.com/pub/tyler-hout/41/ab7/66", "company": "Corpac Steel Products Corp", "linkedin": "http://www.linkedin.com/pub/tyler-hout/41/ab7/66", "job": "Business Development Manager", "score": 2, "image_url": "https://media.licdn.com/mpr/mpr/shrinknp_400_400/p/8/000/2c3/324/0608629.jpg", "id": 9092394, "leadscore": 2}, {"name": "Dan Hestera", "url": "https://www.linkedin.com/pub/dan-hestera/98/51b/b54", "company": "Boston Scientific", "linkedin": "https://www.linkedin.com/pub/dan-hestera/98/51b/b54", "job": "Regional Sales Manager - Peripheral Interventions", "score": 2, "image_url": "https://media.licdn.com/mpr/mpr/shrinknp_400_400/p/7/005/065/29c/20b6cf7.jpg", "id": 40291356, "leadscore": 2}, {"name": "Ian Mestdagh", "url": "http://www.linkedin.com/pub/ian-mestdagh/91/510/ba5", "company": "ECI Site Construction Management, Inc.", "linkedin": "http://www.linkedin.com/pub/ian-mestdagh/91/510/ba5", "job": "Project Manager", "score": 2, "image_url": "https://media.licdn.com/media/p/5/005/06c/2a6/3b7e0bd.jpg", "id": 7017722, "leadscore": 2}, {"name": "Tiffanie Ellis", "url": "https://www.linkedin.com/in/tiffanieellis1", "company": "Axium, Inc.", "linkedin": "https://www.linkedin.com/in/tiffanieellis1", "job": "Marketing Executive", "score": 2, "image_url": "https://media.licdn.com/mpr/mpr/shrinknp_400_400/AAEAAQAAAAAAAAJDAAAAJDNkNWVjOTViLTlkOTItNDA1OS04ZmRjLTMxOTBjZGRlZDNkNg.jpg", "id": 40291247, "leadscore": 2}, {"name": "Mike Tower", "url": "http://www.linkedin.com/pub/mike-tower/30/482/5b2", "company": "Scout Cleaning and Maintenance", "linkedin": "http://www.linkedin.com/pub/mike-tower/30/482/5b2", "job": "General Manager", "score": 2, "image_url": "https://media.licdn.com/mpr/mpr/shrinknp_400_400/p/4/005/0ae/151/2b0bd2d.jpg", "id": 30058903, "leadscore": 2}, {"name": "Justin Castor", "url": "http://www.linkedin.com/pub/justin-castor/54/45a/20", "company": "Molson Coors", "linkedin": "http://www.linkedin.com/pub/justin-castor/54/45a/20", "job": "Treasury Analyst", "score": 2, "image_url": "https://media.licdn.com/mpr/mpr/shrinknp_400_400/p/5/005/097/0dc/26103cf.jpg", "id": 27219593, "leadscore": 2}, {"school": "The University of New Mexico", "name": "Katie Ashcraft", "url": "http://www.linkedin.com/pub/katie-ashcraft/65/9a4/880", "company": "SEPHORA", "linkedin": "http://www.linkedin.com/pub/katie-ashcraft/65/9a4/880", "job": "Senior Artist", "score": 2, "image_url": "https://media.licdn.com/mpr/mpr/shrinknp_400_400/p/1/000/24f/348/1f44354.jpg", "id": 33626360, "leadscore": 2}, {"name": "Curtis Cunningham", "url": "https://www.linkedin.com/pub/curtis-cunningham/41/9a9/108", "company": "Transamerica Capital Inc.", "linkedin": "https://www.linkedin.com/pub/curtis-cunningham/41/9a9/108", "job": "Internal Wholesaler", "score": 2, "image_url": "https://media.licdn.com/mpr/mpr/shrinknp_400_400/p/5/005/050/054/3b28f6a.jpg", "id": 40291367, "leadscore": 2}, {"name": "Jared Yannacito", "url": "http://www.linkedin.com/pub/jared-yannacito/44/57a/b82", "company": "Jefferson County Public Schools", "linkedin": "http://www.linkedin.com/pub/jared-yannacito/44/57a/b82", "job": "English Teacher", "score": 2, "image_url": "https://media.licdn.com/mpr/mpr/shrinknp_400_400/p/3/000/11a/039/0b1cfe1.jpg", "id": 16671207, "leadscore": 2}, {"name": "Keith Kilbey", "url": "http://www.linkedin.com/pub/keith-kilbey/96/411/b58", "company": "First Investors", "linkedin": "http://www.linkedin.com/pub/keith-kilbey/96/411/b58", "job": "Registered Representative", "score": 2, "image_url": "https://media.licdn.com/mpr/mpr/shrinknp_400_400/p/4/005/0b2/363/0f32223.jpg", "id": 33612957, "leadscore": 2}, {"name": "Lisa Nutting", "url": "http://www.linkedin.com/pub/lisa-nutting/25/980/8b8", "company": "OtterBox", "linkedin": "http://www.linkedin.com/pub/lisa-nutting/25/980/8b8", "job": "Assistant Channel Marketing Manager", "score": 2, "image_url": "https://media.licdn.com/media/p/1/000/0ea/3ce/1b41ccf.jpg", "id": 3977319, "leadscore": 2}, {"name": "Ryan Kadavy", "url": "https://www.linkedin.com/pub/ryan-kadavy/33/26/211", "company": "VersaFreight", "linkedin": "https://www.linkedin.com/pub/ryan-kadavy/33/26/211", "job": "Account Executive", "score": 2, "image_url": "https://media.licdn.com/media/p/8/000/2c0/0f2/3638e21.jpg", "id": 40291256, "leadscore": 2}, {"name": "J. Mark Heagerty", "url": "https://www.linkedin.com/in/markheagerty", "company": "Fidelity Investments", "linkedin": "https://www.linkedin.com/in/markheagerty", "job": "Client Management Relationship", "score": 2, "image_url": "https://media.licdn.com/mpr/mpr/shrinknp_400_400/p/4/000/160/206/202e73b.jpg", "id": 40291307, "leadscore": 2}, {"name": "Jeff Shaffroth", "url": "https://www.linkedin.com/pub/jeff-shaffroth/91/502/ba3", "company": "Never Summer Ind., Inc.", "linkedin": "https://www.linkedin.com/pub/jeff-shaffroth/91/502/ba3", "job": "Purchasing Manager", "score": 2, "image_url": "https://media.licdn.com/mpr/mpr/shrinknp_400_400/p/8/005/0b7/10b/33bd019.jpg", "id": 40291332, "leadscore": 2}, {"name": "Lionello DelPiccolo", "url": "http://www.linkedin.com/pub/lionello-delpiccolo/65/3ab/35", "company": "ActiveJunky.com", "linkedin": "http://www.linkedin.com/pub/lionello-delpiccolo/65/3ab/35", "job": "Digital Production Coordinator", "score": 2, "image_url": "https://media.licdn.com/mpr/mpr/shrinknp_400_400/p/5/005/094/3fc/1c537db.jpg", "id": 8065883, "leadscore": 2}, {"company": "University of North Dakota", "job": "Former Football Coach", "facebook": "https://www.facebook.com/casey.coons.3", "id": "casey.coons.3", "leadscore": 1, "name": "Casey Coons", "url": "https://www.facebook.com/casey.coons.3", "score": 1, "image_url": "https://fbcdn-profile-a.akamaihd.net/hprofile-ak-xfp1/v/t1.0-1/c86.25.309.309/969757_10201332090887220_1961254342_n.jpg?oh=6d762f0caadbbe8563bb495605ed9335&oe=56357953&__gda__=1447400262_b541f263513e91855503f0ec19c2c2db"}, {"company": "Symmetry Builders", "job": "Superintendent", "facebook": "https://www.facebook.com/jack.hiett", "id": "jack.hiett", "leadscore": 1, "name": "Jack Hiett", "url": "https://www.facebook.com/jack.hiett", "score": 1, "image_url": "https://fbcdn-profile-a.akamaihd.net/hprofile-ak-xta1/v/t1.0-1/c1.0.320.320/p320x320/11760254_10100355611234799_2846083791976574949_n.jpg?oh=fce154a39effb517971cda68639dbc5c&oe=563836A1&__gda__=1447790448_2431e6ba2e2f83207b0da21aa1c14a59"}, {"name": "Richard Brown", "url": "https://www.linkedin.com/pub/richard-brown/b6/457/b73", "company": "The Keg Steakhouse + Bar", "linkedin": "https://www.linkedin.com/pub/richard-brown/b6/457/b73", "job": "Dining Room Manager", "score": 1, "image_url": "https://media.licdn.com/mpr/mpr/shrinknp_400_400/AAEAAQAAAAAAAALiAAAAJGY5M2ViMDQwLWZhNzYtNGJlNC04ZmQ5LWIwNjg0ZTNmNTAxYg.jpg", "id": 40291230, "leadscore": 1}, {"name": "Jack Hiett", "url": "http://www.linkedin.com/pub/jack-hiett/76/769/b1", "company": "Symmetry Builders", "linkedin": "http://www.linkedin.com/pub/jack-hiett/76/769/b1", "job": "Superintendent", "score": 1, "image_url": "https://media.licdn.com/mpr/mpr/shrinknp_400_400/p/2/000/2a3/152/233a0ee.jpg", "id": 32365299, "leadscore": 1}, {"name": "Kevin R Clapham, CLU\u00ae, ChFC\u00ae", "url": "https://www.linkedin.com/pub/kevin-r-clapham-clu\u00ae-chfc\u00ae/7/413/69a", "company": "Integrated Financial Strategies LLC", "linkedin": "https://www.linkedin.com/pub/kevin-r-clapham-clu\u00ae-chfc\u00ae/7/413/69a", "job": "Financial Advisor", "score": 1, "image_url": "https://myspace.com/common/images/user.png", "id": 40291296, "leadscore": 1}, {"name": "Jeremiah Waters", "url": "http://www.linkedin.com/pub/jeremiah-waters/36/6a9/886", "company": "CGI", "linkedin": "http://www.linkedin.com/pub/jeremiah-waters/36/6a9/886", "job": "Recruiter", "score": 1, "image_url": "https://media.licdn.com/mpr/mpr/shrinknp_400_400/p/4/000/184/13a/08d764f.jpg", "id": 21338462, "leadscore": 1}, {"name": "Kayla Di Annie", "url": "http://www.linkedin.com/pub/kayla-di-annie/a0/b08/661", "company": "Icing", "linkedin": "http://www.linkedin.com/pub/kayla-di-annie/a0/b08/661", "job": "Store Manager", "score": 1, "image_url": "https://media.licdn.com/mpr/mpr/shrinknp_400_400/p/7/005/083/0f7/0711f19.jpg", "id": 811066, "leadscore": 1}, {"name": "Cortni Crawley", "url": "https://www.linkedin.com/pub/cortni-crawley/75/1a1/977", "company": "Arapahoe / Douglas Mental Health Network", "linkedin": "https://www.linkedin.com/pub/cortni-crawley/75/1a1/977", "job": "Integrated Care Counselor", "score": 1, "image_url": "https://media.licdn.com/media/p/6/000/28f/1f3/2f7399b.jpg", "id": 40291243, "leadscore": 1}, {"name": "Zac Cridlebaugh", "url": "https://www.linkedin.com/pub/zac-cridlebaugh/b1/a16/42a", "company": "Polycom", "linkedin": "https://www.linkedin.com/pub/zac-cridlebaugh/b1/a16/42a", "job": "Renewal Sales Specialist", "score": 1, "image_url": "https://media.licdn.com/mpr/mpr/shrinknp_400_400/p/6/005/0b3/0b2/28f395e.jpg", "id": 40291374, "leadscore": 1}, {"name": "Sherwin Artus", "url": "http://www.linkedin.com/pub/sherwin-artus/18/599/732", "company": "Whiting Petroleum", "linkedin": "http://www.linkedin.com/pub/sherwin-artus/18/599/732", "job": "Member, Board of Directors", "score": 1, "image_url": "https://myspace.com/common/images/user.png", "id": 31085696, "leadscore": 1}, {"name": "Samantha Cook", "url": "https://www.linkedin.com/pub/samantha-cook/40/7a7/b41", "company": "Panorama Orthopedics & Spine Center", "linkedin": "https://www.linkedin.com/pub/samantha-cook/40/7a7/b41", "job": "Marketing Coordinator", "score": 1, "image_url": "https://media.licdn.com/media/p/7/000/2c8/059/0be75b3.jpg", "id": 40291232, "leadscore": 1}, {"name": "Allie Winter", "url": "http://www.linkedin.com/pub/allie-winter/21/240/45b", "company": "Global Down Syndrome Foundation", "linkedin": "http://www.linkedin.com/pub/allie-winter/21/240/45b", "job": "Health & Wellness Programs Coordinator", "score": 1, "image_url": "https://media.licdn.com/mpr/mpr/shrinknp_400_400/p/8/005/096/0d5/00a2b41.jpg", "id": 5090261, "leadscore": 1}, {"name": "Rhianne DeAndrea", "url": "https://www.linkedin.com/pub/rhianne-deandrea/92/29a/410", "company": "Jeffco Public Schools - Colorado", "linkedin": "https://www.linkedin.com/pub/rhianne-deandrea/92/29a/410", "job": "High School Social Studies Teacher", "score": 1, "image_url": "https://media.licdn.com/mpr/mpr/shrinknp_400_400/AAEAAQAAAAAAAAL5AAAAJGZjZWU1MDI4LTUxNTgtNGNlNS1hODg4LTk4ODMzMTFjNmZhNA.jpg", "id": 40291226, "leadscore": 1}, {"name": "Ryan Yates", "url": "https://www.linkedin.com/pub/ryan-yates/9a/258/164", "company": "Yates Law Firm LLC", "linkedin": "https://www.linkedin.com/pub/ryan-yates/9a/258/164", "job": "Attorney", "score": 1, "image_url": "https://media.licdn.com/mpr/mpr/shrinknp_400_400/p/7/005/07d/193/1d24d2e.jpg", "id": 40291244, "leadscore": 1}, {"name": "Ashley Roush", "url": "https://www.linkedin.com/pub/ashley-roush/78/403/423", "company": "Chubb Orthodontics", "linkedin": "https://www.linkedin.com/pub/ashley-roush/78/403/423", "job": "Orthodontic Technician", "score": 1, "image_url": "https://media.licdn.com/mpr/mpr/shrinknp_400_400/p/2/000/2bc/37f/23e5fdd.jpg", "id": 40291292, "leadscore": 1}, {"name": "Randall Kirmse", "url": "http://www.linkedin.com/pub/randall-kirmse/18/764/40a", "company": "Allen & Kirmse, Ltd.", "linkedin": "http://www.linkedin.com/pub/randall-kirmse/18/764/40a", "job": "Vice President", "score": 1, "image_url": "https://myspace.com/common/images/user.png", "id": 37632388, "leadscore": 1}, {"name": "Daniel Feiner", "url": "http://www.linkedin.com/pub/daniel-feiner/6/a6/35a", "company": "Feiner Enterprises", "linkedin": "http://www.linkedin.com/pub/daniel-feiner/6/a6/35a", "job": "President", "score": 1, "image_url": "https://myspace.com/common/images/user.png", "id": 2419619, "leadscore": 1}, {"name": "Stephen Faulkner", "url": "https://www.linkedin.com/pub/stephen-faulkner/5a/568/144", "company": "Altivolus Capital", "linkedin": "https://www.linkedin.com/pub/stephen-faulkner/5a/568/144", "job": "Manager & Founder", "score": 1, "image_url": "https://media.licdn.com/mpr/mpr/shrinknp_400_400/AAEAAQAAAAAAAABoAAAAJDlmZDFlNmYwLTBlNWItNGNjMS1hMGZiLWU5ZmVhODc2Y2FiYQ.jpg", "id": 40291234, "leadscore": 1}, {"name": "Scott Webb", "url": "http://www.linkedin.com/pub/scott-webb/57/593/10b", "company": "Transamerica", "linkedin": "http://www.linkedin.com/pub/scott-webb/57/593/10b", "job": "Internal Communications Team / Multimedia Developer", "score": 1, "image_url": "https://myspace.com/common/images/user.png", "id": 11638211, "leadscore": 1}, {"name": "Nicholas Dan", "url": "http://www.linkedin.com/pub/nicholas-dan/2a/915/a84", "company": "Booz Allen Hamilton", "linkedin": "http://www.linkedin.com/pub/nicholas-dan/2a/915/a84", "job": "Consultant", "score": 1, "image_url": "https://media.licdn.com/media/p/2/005/0aa/2f4/29c6e33.jpg", "id": 29574187, "leadscore": 1}, {"name": "Brian Culhane", "url": "https://www.linkedin.com/pub/brian-culhane/73/625/370", "company": "Adams 12 County School District", "linkedin": "https://www.linkedin.com/pub/brian-culhane/73/625/370", "job": "Special Education Teacher", "score": 1, "image_url": "https://media.licdn.com/mpr/mpr/shrinknp_400_400/p/6/005/031/184/3e15e0c.jpg", "id": 40291347, "leadscore": 1}, {"name": "Brooke Walters", "url": "http://www.linkedin.com/pub/brooke-walters/59/7a/576", "company": "Athletes to Business", "linkedin": "http://www.linkedin.com/pub/brooke-walters/59/7a/576", "job": "Career Coach", "score": 1, "image_url": "https://media.licdn.com/mpr/mpr/shrinknp_400_400/p/1/005/024/288/2fb27fd.jpg", "id": 4667418, "leadscore": 1}, {"name": "Anna E. Akerberg", "url": "https://www.linkedin.com/pub/anna-e-akerberg/11/b0a/648", "company": "Ally Onsite - Emergency Response", "linkedin": "https://www.linkedin.com/pub/anna-e-akerberg/11/b0a/648", "job": "Executive Assistant", "score": 1, "image_url": "https://media.licdn.com/mpr/mpr/shrinknp_400_400/AAEAAQAAAAAAAALYAAAAJDJhZTFhZWY2LTkyNTctNDg1ZS1hMDMyLWUzMDFjNjg2Zjk1Nw.jpg", "id": 40291350, "leadscore": 1}, {"name": "Kevin McDougal", "url": "http://www.linkedin.com/pub/kevin-mcdougal/65/738/900", "company": "JD Rush Corporation", "linkedin": "http://www.linkedin.com/pub/kevin-mcdougal/65/738/900", "job": "Rocky Mt. Sales Rep.", "score": 1, "image_url": "https://myspace.com/common/images/user.png", "id": 21187801, "leadscore": 1}, {"name": "Colter Reisbeck", "url": "http://www.linkedin.com/pub/colter-reisbeck/51/170/8b9", "company": "Western Industrial Contractors", "linkedin": "http://www.linkedin.com/pub/colter-reisbeck/51/170/8b9", "job": "Procurement Manager", "score": 1, "image_url": "https://myspace.com/common/images/user.png", "id": 38958491, "leadscore": 1}, {"name": "Christopher Polk, MS", "url": "https://www.linkedin.com/pub/christopher-polk-ms/70/841/b58", "company": "IMA Financial Group, Inc.", "linkedin": "https://www.linkedin.com/pub/christopher-polk-ms/70/841/b58", "job": "Contract Account Representative", "score": 1, "image_url": "https://media.licdn.com/mpr/mpr/shrinknp_400_400/AAEAAQAAAAAAAALZAAAAJGY4OWFiODJlLTUzMDQtNGRlNy04OGYwLTI4ZWUwYzc5YzViZQ.jpg", "id": 40291295, "leadscore": 1}, {"name": "Chase Campbell", "url": "http://www.linkedin.com/pub/chase-campbell/6/634/a05", "company": "Mile High spirits llc", "linkedin": "http://www.linkedin.com/pub/chase-campbell/6/634/a05", "job": "Managing Member", "score": 1, "image_url": "https://media.licdn.com/mpr/mpr/shrinknp_400_400/p/8/005/0b5/173/0a100dd.jpg", "id": 15580240, "leadscore": 1}, {"name": "Ryan Polk", "url": "https://www.linkedin.com/pub/ryan-polk/92/b80/264", "company": "RK Mechanical, Inc.", "linkedin": "https://www.linkedin.com/pub/ryan-polk/92/b80/264", "job": "General Counsel", "score": 1, "image_url": "https://media.licdn.com/mpr/mpr/shrinknp_400_400/AAEAAQAAAAAAAANTAAAAJDAyNzM1YTg2LWVjZTMtNGRlMy04MWM5LTg0ZmZjZWI2ZmRmMQ.jpg", "id": 40291326, "leadscore": 1}, {"name": "Scott Culhane", "url": "https://www.linkedin.com/pub/scott-culhane/88/55/a57", "company": "Heartland Business Credit, a wholly owned subsidiary of Heartland Bank (Mo.)", "linkedin": "https://www.linkedin.com/pub/scott-culhane/88/55/a57", "job": "Credit Manager", "score": 1, "image_url": "https://myspace.com/common/images/user.png", "id": 40291322, "leadscore": 1}, {"name": "Eric Christensen", "url": "https://www.linkedin.com/pub/eric-christensen/80/890/62a", "company": "ExamOne, a Quest Diagnostics Company", "linkedin": "https://www.linkedin.com/pub/eric-christensen/80/890/62a", "job": "Sales Representative", "score": 1, "image_url": "https://media.licdn.com/mpr/mpr/shrinknp_400_400/p/7/005/04a/0bd/380e807.jpg", "id": 40291299, "leadscore": 1}, {"name": "Kyle Bernhardt", "url": "https://www.linkedin.com/in/kylebernhardtnyl", "company": "State Farm Insurance", "linkedin": "https://www.linkedin.com/in/kylebernhardtnyl", "job": "Agent Staff", "score": 1, "image_url": "https://media.licdn.com/mpr/mpr/shrinknp_400_400/p/8/005/096/0f2/259d2c6.jpg", "id": 40291269, "leadscore": 1}, {"name": "Brianna (Bri) Donahue", "url": "http://www.linkedin.com/pub/brianna-bri-donahue/4b/477/807", "company": "Integra", "linkedin": "http://www.linkedin.com/pub/brianna-bri-donahue/4b/477/807", "job": "Human Resources/Executive Assistant", "score": 1, "image_url": "https://media.licdn.com/mpr/mpr/shrinknp_400_400/p/4/005/0b6/3d9/373457c.jpg", "id": 3689064, "leadscore": 1}, {"name": "Jeanelle Valdez", "url": "https://www.linkedin.com/pub/jeanelle-valdez/31/887/911", "company": "Capital Works Mortgage", "linkedin": "https://www.linkedin.com/pub/jeanelle-valdez/31/887/911", "job": "Office Manager", "score": 1, "image_url": "https://media.licdn.com/mpr/mpr/shrinknp_400_400/p/5/005/04f/28c/2e4d6b0.jpg", "id": 40291268, "leadscore": 1}, {"name": "Sean Benallo", "url": "http://www.linkedin.com/pub/sean-benallo/49/909/a62", "company": "Total Quality Logistics", "linkedin": "http://www.linkedin.com/pub/sean-benallo/49/909/a62", "job": "Logistics Account Executive", "score": 1, "image_url": "https://media.licdn.com/media/AAEAAQAAAAAAAAK3AAAAJGIzYzAzZDFmLWRhMDItNGFmZC1hZGJiLTRhYjUwZTFkYjM3ZQ.jpg", "id": 216094, "leadscore": 1}, {"name": "Brittany DiGiallonardo", "url": "https://www.linkedin.com/pub/brittany-digiallonardo/80/735/15", "company": "National CineMedia (NCM)", "linkedin": "https://www.linkedin.com/pub/brittany-digiallonardo/80/735/15", "job": "Regional Sales Associate", "score": 1, "image_url": "https://media.licdn.com/mpr/mpr/shrinknp_400_400/p/7/005/012/317/0741b8b.jpg", "id": 40291242, "leadscore": 1}, {"degree": "Music", "company": "Indelible Ink Tattoo & Piercing", "job": "Tattoo Artist/Piercer", "facebook": "https://www.facebook.com/Toobstakeem", "id": "Toobstakeem", "leadscore": 0, "name": "TJ Keller", "url": "https://www.facebook.com/Toobstakeem", "score": 1, "image_url": "https://fbcdn-profile-a.akamaihd.net/hprofile-ak-xfp1/v/t1.0-1/p320x320/1939748_10204458609360209_7940849162452089679_n.jpg?oh=5127cb227e9d34ce13ce1ac4ecb41037&oe=567F6CC9&__gda__=1447536863_688077abca88bfa38b7529c615099a56"}, {"company": "National CineMedia - NCM", "job": "Reginal Sales Associate", "facebook": "https://www.facebook.com/brittany.digiallonardo", "id": "brittany.digiallonardo", "leadscore": 0, "name": "Brittany DiGiallonardo", "url": "https://www.facebook.com/brittany.digiallonardo", "score": 1, "image_url": "https://fbcdn-profile-a.akamaihd.net/hprofile-ak-xfp1/v/t1.0-1/p320x320/11149359_10155485031145604_4346526351358266325_n.jpg?oh=fab1d3f3430f3561792c8c6dfa698327&oe=56811955&__gda__=1447058626_1c866f8ce2fa66119822bc59ebe172aa"}, {"company": "Whitman Consulting Organization", "job": "Xcel Energy Inspector", "facebook": "https://www.facebook.com/duren.taylor", "id": "duren.taylor", "leadscore": 0, "name": "Duren Taylor", "url": "https://www.facebook.com/duren.taylor", "score": 1, "image_url": "https://fbcdn-profile-a.akamaihd.net/hprofile-ak-xap1/v/t1.0-1/p320x320/10624594_10154836067730580_8721437295223613328_n.jpg?oh=c31c3bbdc63a84a13b14d1fe37b17906&oe=563E40BA&__gda__=1447817583_ef194f52b48eaacce3a319dcdb0e9505"}, {"company": "GE", "job": "Factory Service/Appliances and Lighting", "facebook": "https://www.facebook.com/derek.king.77312", "id": "derek.king.77312", "leadscore": 0, "name": "Derek King", "url": "https://www.facebook.com/derek.king.77312", "score": 1, "image_url": "https://fbcdn-profile-a.akamaihd.net/hprofile-ak-xfa1/v/t1.0-1/p320x320/1461138_1466758286933963_2619466996287449191_n.jpg?oh=c5363d5eefdb3563acbaecdf60c9ec5a&oe=5651939A&__gda__=1447321875_289702f54a461fdfe7f5c0f1f094e151"}, {"degree": "Football", "company": "NCAA Football", "job": "Former wr, kr, pr", "facebook": "https://www.facebook.com/trevor.zott", "id": "trevor.zott", "leadscore": 0, "name": "Trevor Zott", "url": "https://www.facebook.com/trevor.zott", "score": 1, "image_url": "https://fbcdn-profile-a.akamaihd.net/hprofile-ak-xft1/v/t1.0-1/p320x320/10437016_10100189198671913_1653567679329816137_n.jpg?oh=94274afaeb6de9517a0b7978ffe65233&oe=564D4059&__gda__=1451458932_d851a2f250e6e8dcfb70bd935053811e"}, {"name": "Ryan Bohlim", "url": "https://www.linkedin.com/pub/ryan-bohlim/66/839/734", "company": "Environmental Stoneworks", "linkedin": "https://www.linkedin.com/pub/ryan-bohlim/66/839/734", "job": "ClipStone Sales Coordinator", "score": 1, "image_url": "https://media.licdn.com/mpr/mpr/shrinknp_400_400/AAEAAQAAAAAAAAOYAAAAJGUxNjc3MDBmLWZjNzEtNGQxMy05YjRhLTE3MjI5YWMyZDUxNg.jpg", "id": 40291308, "leadscore": 0}, {"name": "Charles Yarbrough, P.E.", "url": "http://www.linkedin.com/pub/charles-yarbrough-p-e/21/770/925", "company": "Maptek", "linkedin": "http://www.linkedin.com/pub/charles-yarbrough-p-e/21/770/925", "job": "Vulcan Solutions Engineer- Professional Technical Services", "score": 1, "image_url": "https://media.licdn.com/media/p/3/000/108/1bf/1b09e7f.jpg", "id": 39819005, "leadscore": 0}, {"school": "The University of New Mexico", "name": "Palmi Moller", "url": "https://www.linkedin.com/in/palmimoller", "company": "Personal Capital", "linkedin": "https://www.linkedin.com/in/palmimoller", "job": "Vice President - Financial Advisor", "score": 1, "image_url": "https://media.licdn.com/mpr/mpr/shrinknp_400_400/AAEAAQAAAAAAAAKoAAAAJDRjZjA5ZmQ0LTJiOTAtNDNmZi04ZGZjLWZhMGFiMTJjOTlkMw.jpg", "id": 40291351, "leadscore": 0}, {"name": "Matt McDougal", "url": "https://www.linkedin.com/pub/matt-mcdougal/31/130/1a6", "company": "Jefferson County Schools", "linkedin": "https://www.linkedin.com/pub/matt-mcdougal/31/130/1a6", "job": "Teacher", "score": 1, "image_url": "https://myspace.com/common/images/user.png", "id": 40291257, "leadscore": 0}, {"name": "Justin Mihalcin", "url": "http://www.linkedin.com/pub/justin-mihalcin/2a/350/95b", "company": "Bill Barrett Corporation", "linkedin": "http://www.linkedin.com/pub/justin-mihalcin/2a/350/95b", "job": "Operations Land Technician II - DJ Basin", "score": 1, "image_url": "https://media.licdn.com/media/p/3/000/10b/215/2fa1737.jpg", "id": 8692889, "leadscore": 0}, {"name": "John Varner", "url": "http://www.linkedin.com/pub/john-varner/47/831/4a6", "company": "Dicks Sporting Goods", "linkedin": "http://www.linkedin.com/pub/john-varner/47/831/4a6", "job": "General sports manager", "score": 1, "image_url": "https://myspace.com/common/images/user.png", "id": 4123245, "leadscore": 0}, {"name": "Nikki Smith", "url": "http://www.linkedin.com/pub/nikki-smith/3a/401/26", "company": "Coldwell Banker", "linkedin": "http://www.linkedin.com/pub/nikki-smith/3a/401/26", "job": "CB2Go Transaction Manager", "score": 1, "image_url": "https://media.licdn.com/mpr/mpr/shrinknp_400_400/AAEAAQAAAAAAAAMeAAAAJDc1ODM5YmYyLTBlNTctNDFhNC1iMmZhLTAzZGVjOTkxYjcxYQ.jpg", "id": 5202714, "leadscore": 0}, {"name": "Ty Adams", "url": "http://www.linkedin.com/pub/ty-adams/54/b69/103", "company": "SST Energy", "linkedin": "http://www.linkedin.com/pub/ty-adams/54/b69/103", "job": "Assistant Marketing/Contracts Manager", "score": 1, "image_url": "https://media.licdn.com/media/AAEAAQAAAAAAAAF5AAAAJDgwYWM3ZTU1LTJlNjEtNDQ1Ny04ZDFkLTI0YTgwZDlhYTQ4Ng.jpg", "id": 40033767, "leadscore": 0}, {"name": "Casey Coons", "url": "https://www.linkedin.com/pub/casey-coons/20/b6/866", "company": "Arvada West High School", "linkedin": "https://www.linkedin.com/pub/casey-coons/20/b6/866", "job": "PE Teacher / Asst. Football - Baseball Coach", "score": 1, "image_url": "https://myspace.com/common/images/user.png", "id": 40291372, "leadscore": -1}, {"name": "Zach Johnson", "url": "https://www.linkedin.com/pub/zach-johnson/39/302/5b8", "company": "Radiology Imaging Associates / Invision Sally Jobe", "linkedin": "https://www.linkedin.com/pub/zach-johnson/39/302/5b8", "job": "Financial Analyst", "score": 1, "image_url": "https://media.licdn.com/mpr/mpr/shrinknp_400_400/p/5/005/05b/17a/00b0c08.jpg", "id": 40291353, "leadscore": -2}, {"name": "Brady Garr", "url": "https://www.linkedin.com/in/bradygarr", "company": "Wells Fargo Advisors, LLC", "linkedin": "https://www.linkedin.com/in/bradygarr", "job": "Financial Advisor", "score": 1, "image_url": "https://media.licdn.com/mpr/mpr/shrinknp_400_400/p/4/000/15d/332/3e2a230.jpg", "id": 40291254, "leadscore": -2}]