[{"name": "Patrice Fanning Zink", "url": "https://www.facebook.com/patrice.zink", "company": "JSI Research and Training Institute", "amazon": "http://www.amazon.com/wishlist/3A7CJQZ9YEIYX", "twitter": "http://www.twitter.com/PatriceFZink", "introducer_name": "Jenay Sellers", "job": "Training Director", "score": 3, "image_url": "https://fbcdn-profile-a.akamaihd.net/hprofile-ak-xat1/v/t1.0-1/p320x320/11760283_10204456928843825_2758288591896795956_n.jpg?oh=31ad5b017dba114555465d0aeda7be32&oe=564A56BD&__gda__=1450853586_18dcc2f85d7352b2b3bb4d6bbfbab4d0", "linkedin": "http://www.linkedin.com/pub/patrice-zink/46/507/b83", "facebook": "https://www.facebook.com/patrice.zink", "introducer_url": "https://www.facebook.com/jenaysellers", "id": "patrice.zink", "leadscore": 18}, {"facebook": "https://www.facebook.com/bandy.bo", "name": "Bo Bandy", "pinterest": "http://pinterest.com/bandy_bo/", "url": "https://www.facebook.com/bandy.bo", "company": "ReadyTalk", "job": "Marketing Communications Manager | Brand, Content + Customer Advocacy", "linkedin": "http://www.linkedin.com/pub/bo-bandy/1/b0b/349", "introducer_name": "Jenay Sellers", "amazon": "http://www.amazon.com/gp/pdp/profile/A14AUC4ZQ7EJ64/", "score": 3, "image_url": "https://fbcdn-profile-a.akamaihd.net/hprofile-ak-xaf1/v/t1.0-1/p320x320/11406923_10153543566603243_8110987221998778970_n.jpg?oh=6bfe090379fa0bab848a10cfd5170368&oe=567C9548&__gda__=1446375379_9b4a5db9aa1ce2ef648794485894a6d5", "plus": "https://plus.google.com/109107196657687660155/about", "introducer_url": "https://www.facebook.com/jenaysellers", "id": "bandy.bo", "leadscore": 18}, {"name": "Michael Justen Barela", "url": "https://www.facebook.com/michael.j.barela.9", "company": "Oracle", "linkedin": "http://www.linkedin.com/pub/michael-barela/93/232/401", "introducer_name": "Jerard Barela", "job": "Principal Business Analyst", "score": 3, "image_url": "https://fbcdn-profile-a.akamaihd.net/hprofile-ak-xft1/v/t1.0-1/c18.0.160.160/1613946_10203017524933529_2836395733526464633_n.jpg?oh=07c069ff67edd717cb734ddfded04669&oe=563DED3D&__gda__=1451114986_ff4147ea6c919d5f0e8c70748d6578ee", "facebook": "https://www.facebook.com/michael.j.barela.9", "introducer_url": "https://www.facebook.com/jerard.barela", "id": "michael.j.barela.9", "leadscore": 13}, {"company": "Lockeed Martin", "job": "Former Retired", "facebook": "https://www.facebook.com/gary.mueller.735", "introducer_url": "https://www.facebook.com/jenaysellers", "id": "gary.mueller.735", "leadscore": 12, "name": "Gary Mueller", "url": "https://www.facebook.com/gary.mueller.735", "introducer_name": "Jenay Sellers", "score": 3, "image_url": "https://fbcdn-profile-a.akamaihd.net/hprofile-ak-xpf1/v/t1.0-1/c25.0.150.150/1900032_10152176762921461_65959049_n.jpg?oh=d1663c905921ff234feaf7d1896e2976&oe=56822084&__gda__=1451474357_da3fac5023b986da3602f90fd6714d23"}, {"name": "Randy Pickering", "url": "https://www.facebook.com/randy.pickering", "company": "Pickering's Auto Service Center", "linkedin": "http://www.linkedin.com/pub/randy-pickering/6/53b/136", "introducer_name": "Jake Smith", "job": "Owner", "score": 3, "facebook": "https://www.facebook.com/randy.pickering", "plus": "https://plus.google.com/106994655138244916092/about", "image_url": "https://fbcdn-profile-a.akamaihd.net/hprofile-ak-xpf1/v/t1.0-1/p320x320/11017542_10153272073670520_1269561330205111418_n.jpg?oh=9dd4bdb73995aa78b2b77a1b65f63a5b&oe=56360B56&__gda__=1446468910_d7b6467bbdea782f7d69296761d91f24", "introducer_url": "https://www.facebook.com/1174238758", "id": "randy.pickering", "leadscore": 11}, {"name": "Sherry Lemke-Yow", "pinterest": "http://pinterest.com/slemkeyo8/", "url": "https://www.facebook.com/sherrylyow", "twitter": "http://twitter.com/goodyt67", "linkedin": "http://www.linkedin.com/pub/sherry-yow/43/a32/258", "id": "sherrylyow", "introducer_name": "Jake Smith", "job": "WUMC Youth Group of Naperville50 membersChurch youth group", "score": 3, "image_url": "https://fbcdn-profile-a.akamaihd.net/hprofile-ak-xfa1/v/t1.0-1/c17.17.213.213/310910_2228284479679_2103652028_n.jpg?oh=6726b787cd466539881a00f353648b00&oe=5645D2FD&__gda__=1447374199_70aa0743974b9efbca6070cc9bc9f7d8", "facebook": "https://www.facebook.com/sherrylyow", "introducer_url": "https://www.facebook.com/1174238758", "company": "WUMC in...", "leadscore": 9}, {"name": "Nick Hessel", "url": "https://www.facebook.com/nick.hessel.1", "company": "Drivetime Car Sales Co", "linkedin": "http://www.linkedin.com/pub/nick-hessel/43/675/a64", "introducer_name": "Eli Jacob", "job": "Senior Sales Advisor", "score": 3, "image_url": "https://fbcdn-profile-a.akamaihd.net/hprofile-ak-xfa1/v/t1.0-1/p320x320/11429813_10102246337468693_6894830046654218960_n.jpg?oh=4dda343e0485c68e0880b204f1f9a886&oe=567F7CFA&__gda__=1447930826_64356b350c6196952e26988675fc89c5", "facebook": "https://www.facebook.com/nick.hessel.1", "introducer_url": "https://www.facebook.com/eli.eaton", "id": "nick.hessel.1", "leadscore": 9}, {"name": "David Zinke", "degree": "Finance", "pinterest": "http://pinterest.com/dtzinke/", "url": "https://www.facebook.com/Zinke22", "company": "Zinke Knoebel Hair Studio Boulder and Sales Manager - Communications Group - Cloud", "linkedin": "http://www.linkedin.com/pub/david-zinke/3/932/237", "introducer_name": "Jenay Sellers", "job": "Owner", "score": 3, "image_url": "https://fbcdn-profile-a.akamaihd.net/hprofile-ak-xta1/v/t1.0-1/c30.0.320.320/p320x320/10258846_4180627251119_4963051719459221029_n.jpg?oh=255deed8deca15f2bab8fc2b05551737&oe=56792D63&__gda__=1451191483_f26ffeade26c7865cdc34e5de5dbb2b3", "facebook": "https://www.facebook.com/Zinke22", "introducer_url": "https://www.facebook.com/jenaysellers", "id": "Zinke22", "leadscore": 9}, {"name": "Brian Wildermuth", "degree": "Political Science", "url": "https://www.facebook.com/brian.wildermuth", "twitter": "http://twitter.com/bwildermuth", "linkedin": "http://www.linkedin.com/pub/brian-wildermuth/7/24a/164", "id": "brian.wildermuth", "introducer_name": "Jake Smith", "job": "Vice President of Business Development", "score": 3, "image_url": "https://fbcdn-profile-a.akamaihd.net/hprofile-ak-frc3/v/t1.0-1/c61.61.766.766/s320x320/1175731_10201598169619089_298948517_n.jpg?oh=b242be946f892531475591e8054673f1&oe=5649F411&__gda__=1450851936_8000c5c41a7a2acc7cb99f15912d99d6", "facebook": "https://www.facebook.com/brian.wildermuth", "introducer_url": "https://www.facebook.com/1174238758", "company": "Buffini & Company", "leadscore": 8}, {"name": "Anita Taylor", "pinterest": "http://pinterest.com/adventuregirl1/", "url": "https://www.facebook.com/anitatayloradventuregirl", "company": "NewsGator Technologies, Inc.", "linkedin": "http://www.linkedin.com/in/anitataylor1", "introducer_name": "Jenay Sellers", "job": "Operations Manager", "score": 3, "image_url": "https://fbcdn-profile-a.akamaihd.net/hprofile-ak-xap1/v/t1.0-1/c0.35.280.280/1463112_10152161061462275_1889540977_n.jpg?oh=343cb4b69ade1c7f6197e3d7e20610de&oe=567ECA34&__gda__=1446984598_fbb3e361045e4507cc00a0fe5eda6daf", "facebook": "https://www.facebook.com/anitatayloradventuregirl", "introducer_url": "https://www.facebook.com/jenaysellers", "id": "anitatayloradventuregirl", "leadscore": 7}, {"name": "Lee Nemes", "url": "https://www.facebook.com/lee.nemes.7", "company": "Granicus", "job": "Marketing Coordinator", "linkedin": "http://www.linkedin.com/pub/lee-nemes/83/505/7b4", "introducer_name": "Eli Jacob", "amazon": "http://www.amazon.com/wishlist/4EKBIQ1USO5W", "score": 3, "image_url": "https://fbcdn-profile-a.akamaihd.net/hprofile-ak-xfp1/v/t1.0-1/c53.0.320.320/p320x320/11866355_10207053189069022_7031242518544012100_n.jpg?oh=4eaccb6dde7e4e56d694564794208cd4&oe=563F1246&__gda__=1446630743_ffad50a9da439a0ae00353db29f7801b", "facebook": "https://www.facebook.com/lee.nemes.7", "introducer_url": "https://www.facebook.com/eli.eaton", "id": "lee.nemes.7", "leadscore": 7}, {"name": "Richard Brown", "pinterest": "http://pinterest.com/docbrown303/", "url": "https://www.facebook.com/richard.brown.303", "company": "Planet Express", "introducer_name": "Eli Jacob", "job": "Works", "score": 3, "image_url": "https://fbcdn-profile-a.akamaihd.net/hprofile-ak-xpa1/v/t1.0-1/c0.0.320.320/p320x320/10505628_10201662071068654_6254800912328910971_n.jpg?oh=c54e48ef2f73809042e1457d87b6a102&oe=5647FE78&__gda__=1447243450_a55208d7dae1328e057ede5b63baca04", "facebook": "https://www.facebook.com/richard.brown.303", "introducer_url": "https://www.facebook.com/eli.eaton", "id": "richard.brown.303", "leadscore": 5}, {"name": "Amanda Langley McLaren", "pinterest": "http://pinterest.com/Photoplay303/", "url": "https://www.facebook.com/photoplay303", "company": "Eide Bailly LLP", "linkedin": "http://www.linkedin.com/pub/amanda-langley-mclaren/53/73a/050", "introducer_name": "Jerard Barela", "job": "Office Learning Coordinator", "score": 3, "image_url": "https://fbcdn-profile-a.akamaihd.net/hprofile-ak-xaf1/v/t1.0-1/c160.0.320.320/p320x320/480982_3810524713434_330370167_n.jpg?oh=0a7e2f6adffb3d911800da9445e33930&oe=564C17B3&__gda__=1446760312_3813bcf6e74119eee562e94396d310e9", "facebook": "https://www.facebook.com/photoplay303", "introducer_url": "https://www.facebook.com/jerard.barela", "id": "photoplay303", "leadscore": 5}, {"name": "Cathy Hesby Macy", "url": "https://www.facebook.com/catherine.hesbymacy", "company": "Boulder Pediatric Dentistry", "linkedin": "http://www.linkedin.com/pub/catherine-macy/36/199/902", "introducer_name": "Jenay Sellers", "job": "Works", "score": 3, "image_url": "https://fbcdn-profile-a.akamaihd.net/hprofile-ak-xpa1/v/t1.0-1/c68.0.320.320/p320x320/1506901_10202001615826647_2545397196010832724_n.jpg?oh=a2cf6933a01b8fe2eb9dfd3c68fec011&oe=56450DCC&__gda__=1447069966_dad970d4af6ead2b71be5a2af71ad84d", "facebook": "https://www.facebook.com/catherine.hesbymacy", "introducer_url": "https://www.facebook.com/jenaysellers", "id": "catherine.hesbymacy", "leadscore": 4}, {"degree": "Environmental Policy & Management", "company": "EnCana", "job": "Works", "facebook": "https://www.facebook.com/melanie.holt.213", "introducer_url": "https://www.facebook.com/al.bohlim", "id": "melanie.holt.213", "leadscore": 4, "name": "Melanie Adams", "url": "https://www.facebook.com/melanie.holt.213", "introducer_name": "Al Bohlim", "score": 3, "image_url": "https://fbcdn-profile-a.akamaihd.net/hprofile-ak-xft1/v/t1.0-1/p320x320/11831731_10207365623523813_2912057800125442607_n.jpg?oh=18c826f681670d49df33617a8bffd994&oe=5681CA0E&__gda__=1451237155_fab42598343c84fb220ad3ffd7640dbd"}, {"name": "Victoria Sofia Shaughnessy", "pinterest": "http://pinterest.com/victoriasofia/", "url": "https://www.facebook.com/victoriass", "company": "My Enchanted Birthday", "introducer_name": "Al Bohlim", "job": "Former Owner & Manager", "score": 3, "image_url": "https://fbcdn-profile-a.akamaihd.net/hprofile-ak-xfp1/v/t1.0-1/c0.0.320.320/p320x320/1622251_10204914436560431_8491770842890279134_n.jpg?oh=85d290d36ab6bbcb92aa81f85a70a40c&oe=56373D60&__gda__=1446578148_12843f666a3c14e3df95ff5eff90f706", "facebook": "https://www.facebook.com/victoriass", "introducer_url": "https://www.facebook.com/al.bohlim", "id": "victoriass", "leadscore": 4}, {"name": "Tyleen Ortiz ", "pinterest": "http://pinterest.com/tyleen7/", "url": "https://www.facebook.com/tyleen7", "company": "Hammersmith Management", "linkedin": "http://www.linkedin.com/pub/tyleen-hanson/a/421/663", "introducer_name": "Jake Smith", "job": "HOA Project Administrator", "score": 3, "image_url": "https://fbcdn-profile-a.akamaihd.net/hprofile-ak-xap1/v/t1.0-1/p320x320/11825989_10207569610865387_796516043050801107_n.jpg?oh=eb65604fc1973c606fe17a969c0e6ea1&oe=567C4362&__gda__=1451253917_58c4f911d84f5c437015654e2cff4ef6", "facebook": "https://www.facebook.com/tyleen7", "introducer_url": "https://www.facebook.com/1174238758", "id": "tyleen7", "leadscore": 4}, {"facebook": "https://www.facebook.com/megan.robertson.148", "name": "Megan Robertson", "degree": "Cosmetology", "pinterest": "http://pinterest.com/pinkzink/", "url": "https://www.facebook.com/megan.robertson.148", "company": "Zinke Knoebel Hair Studio", "linkedin": "http://www.linkedin.com/pub/megan-robertson/19/304/1b8", "introducer_name": "Jenay Sellers", "job": "owner/stylist", "score": 3, "image_url": "https://fbcdn-profile-a.akamaihd.net/hprofile-ak-xap1/v/t1.0-1/p320x320/11227762_10207018454809867_600935141603568258_n.jpg?oh=c1c76097bf7e73b4e824fc24e894abed&oe=564D0B91&__gda__=1451083886_b6793cedca4ca1460d484d4e15655d41", "plus": "https://plus.google.com/105353167552686127637/about", "introducer_url": "https://www.facebook.com/jenaysellers", "id": "megan.robertson.148", "leadscore": 4}, {"company": "Rock Bottom Restaurant & Brewery", "job": "Server", "facebook": "https://www.facebook.com/nick.reed.5623", "introducer_url": "https://www.facebook.com/1174238758", "id": "nick.reed.5623", "leadscore": 4, "name": "Nick Reed", "url": "https://www.facebook.com/nick.reed.5623", "introducer_name": "Jake Smith", "score": 3, "image_url": "https://fbcdn-profile-a.akamaihd.net/hprofile-ak-xap1/v/t1.0-1/p320x320/10647057_10153329547574097_3425927381801009600_n.jpg?oh=dc40e17d12b9e23cc548d8e473458605&oe=563AD31A&__gda__=1450639567_c992ac00747ed6d76f0a6b9a76ee854f"}, {"degree": "Emergency Medical Technician", "company": "Garcia's Royal Bullies and ER Tech/EMT", "job": "Co-Founder/CEO", "facebook": "https://www.facebook.com/fidel.garciajr", "introducer_url": "https://www.facebook.com/1174238758", "id": "fidel.garciajr", "leadscore": 3, "name": "Fidel Garcia Jr", "url": "https://www.facebook.com/fidel.garciajr", "introducer_name": "Jake Smith", "score": 2, "image_url": "https://fbcdn-profile-a.akamaihd.net/hprofile-ak-xtp1/v/t1.0-1/p320x320/11855707_933723796685264_6164012898335335841_n.jpg?oh=a857a9c9605ccc615b129714f0e88b53&oe=56361647&__gda__=1447841931_944cfc2d789257b7befcf8c2db2e21d8"}, {"company": "IHS", "job": "Corporate Communications", "facebook": "https://www.facebook.com/deegoldie611", "introducer_url": "https://www.facebook.com/al.bohlim", "id": "deegoldie611", "leadscore": 3, "name": "Danielle Goldberg", "url": "https://www.facebook.com/deegoldie611", "introducer_name": "Al Bohlim", "score": 2, "image_url": "https://fbcdn-profile-a.akamaihd.net/hprofile-ak-xfa1/v/t1.0-1/p320x320/11828752_10206203856028610_5291226095319783339_n.jpg?oh=b27730b449b019aaf490893f7f45e82d&oe=5676BC63&__gda__=1451259731_56a2e0943886b46f53af5832df5ce91b"}, {"name": "Wendy Wagner Williams", "url": "https://www.facebook.com/wendy.w.williams.581", "company": "Mile High Roll-Off Waste Systems, Inc.", "linkedin": "http://www.linkedin.com/pub/wendy-williams/35/3b3/309", "introducer_name": "Jenay Sellers", "job": "Owner/VP", "score": 2, "image_url": "https://fbcdn-profile-a.akamaihd.net/hprofile-ak-xaf1/v/t1.0-1/p320x320/11377249_10200538419980327_8847897055780623642_n.jpg?oh=f6d0f883cd8fb8cb4ce62e36809f666d&oe=564B6136&__gda__=1451496109_72c86070cf47c9d76bfa54dd5c576dd1", "facebook": "https://www.facebook.com/wendy.w.williams.581", "introducer_url": "https://www.facebook.com/jenaysellers", "id": "wendy.w.williams.581", "leadscore": 3}, {"name": "Lauren Morrisette", "degree": "Accelerated BS Nursing", "pinterest": "http://pinterest.com/lmorrisette21/", "url": "https://www.facebook.com/lauren.morrisette", "company": "University of Colorado Hospital", "introducer_name": "Al Bohlim", "job": "Works", "score": 2, "image_url": "https://fbcdn-profile-a.akamaihd.net/hprofile-ak-xpa1/v/t1.0-1/p320x320/10698425_10203455946253992_3701200630784010484_n.jpg?oh=e684158d94f369cef1aa9454aab05395&oe=5637A15D&__gda__=1450901708_c9ad36999936c50979ef6a203e89a2b8", "facebook": "https://www.facebook.com/lauren.morrisette", "introducer_url": "https://www.facebook.com/al.bohlim", "id": "lauren.morrisette", "leadscore": 3}, {"degree": "Management", "company": "NPI", "linkedin": "http://www.linkedin.com/pub/jake-nelson/27/588/b27", "job": "Spring fabrication", "facebook": "https://www.facebook.com/JBombSauce", "introducer_url": "https://www.facebook.com/al.bohlim", "id": "JBombSauce", "leadscore": 3, "name": "Jake Nelson", "url": "https://www.facebook.com/JBombSauce", "introducer_name": "Al Bohlim", "score": 2, "image_url": "https://fbcdn-profile-a.akamaihd.net/hprofile-ak-xta1/v/t1.0-1/p320x320/10557188_10153210885778901_8130192072164082046_n.jpg?oh=88e350255fb6caee50a83a99b2cbda88&oe=56838D29&__gda__=1450816854_c4ad9591645a43cd97ca33a855f07097"}, {"company": "The Frightmare Compound", "job": "Owner", "facebook": "https://www.facebook.com/FrightmareHauntedHouse", "introducer_url": "https://www.facebook.com/jenaysellers", "id": "FrightmareHauntedHouse", "leadscore": 3, "name": "Josh Holder", "url": "https://www.facebook.com/FrightmareHauntedHouse", "introducer_name": "Jenay Sellers", "score": 2, "image_url": "https://fbcdn-profile-a.akamaihd.net/hprofile-ak-xft1/v/t1.0-1/p320x320/11665609_10203633107063318_1309036843876573707_n.jpg?oh=ca6656b028b29a08eae99ca6ce7912a8&oe=5641AB6E&__gda__=1450538563_6e1657b37cf8f70d852cbf038d0038e0"}, {"name": "Kristin Tink Wilder", "pinterest": "http://pinterest.com/kwstar35/", "url": "https://www.facebook.com/kristin.wilder", "company": "BJ's Restaurant and Brewhouse and Bartender/ Server", "introducer_name": "Jake Smith", "job": "Server", "score": 2, "image_url": "https://fbcdn-profile-a.akamaihd.net/hprofile-ak-xtp1/v/t1.0-1/p320x320/11143463_10153516479829644_3139092524351526922_n.jpg?oh=c5393cc56ea3d5537c58462b88a327ed&oe=567D0002&__gda__=1446788570_a2af0fad7f6c4416732e2c334a1084fd", "facebook": "https://www.facebook.com/kristin.wilder", "introducer_url": "https://www.facebook.com/1174238758", "id": "kristin.wilder", "leadscore": 3}, {"name": "Elise Titze", "pinterest": "http://pinterest.com/elisetitze/", "url": "https://www.facebook.com/elise.titze", "company": "doTERRA International", "twitter": "http://www.twitter.com/elisemt", "introducer_name": "Al Bohlim", "job": "Director", "score": 2, "image_url": "https://fbcdn-profile-a.akamaihd.net/hprofile-ak-xpt1/v/t1.0-1/p320x320/11824981_10204307562438111_3610926844858131786_n.jpg?oh=3ddaa29514fa6834949de2f0dd0965a4&oe=56444380&__gda__=1446663692_81a4ff6ade18da1934212d937ef6f4b9", "facebook": "https://www.facebook.com/elise.titze", "introducer_url": "https://www.facebook.com/al.bohlim", "id": "elise.titze", "leadscore": 3}, {"company": "Open Technology Solutions, LLC", "job": "Computer Applications Developer", "facebook": "https://www.facebook.com/barry.smith.3597", "introducer_url": "https://www.facebook.com/1174238758", "id": "barry.smith.3597", "leadscore": 3, "name": "Barry Smith", "url": "https://www.facebook.com/barry.smith.3597", "introducer_name": "Jake Smith", "score": 2, "image_url": "https://fbcdn-profile-a.akamaihd.net/hprofile-ak-prn2/v/t1.0-1/c93.36.452.452/s320x320/1010912_10200433732911618_1643641436_n.jpg?oh=17141811eb7658a054ba9d800ef89e65&oe=5639D2CB&__gda__=1446927152_d299e8960cc47929756dccd2590325c3"}, {"name": "Cecilia Huntsman ", "degree": "Master's of Healthcare Administration & Management", "pinterest": "http://pinterest.com/ceceswede/", "url": "https://www.facebook.com/cecilia.silfverskiold.3", "company": "Valley View Hospital", "introducer_name": "Jenay Sellers", "job": "OR Nurse", "score": 2, "image_url": "https://fbcdn-profile-a.akamaihd.net/hprofile-ak-xfp1/v/t1.0-1/p320x320/11742760_771049089881_5484990316181860145_n.jpg?oh=3c682dfdd00ce0a4626b6c05818ba8df&oe=567616A6&__gda__=1446602675_e6c749d0a2d2fa33f518b582225933ea", "facebook": "https://www.facebook.com/cecilia.silfverskiold.3", "introducer_url": "https://www.facebook.com/jenaysellers", "id": "cecilia.silfverskiold.3", "leadscore": 2}, {"degree": "i'm gonna own a restraunt", "company": "Generation Health", "job": "master stake cleaner", "facebook": "https://www.facebook.com/canga24", "introducer_url": "https://www.facebook.com/eli.eaton", "id": "canga24", "leadscore": 2, "name": "Collin Haley", "url": "https://www.facebook.com/canga24", "introducer_name": "Eli Jacob", "score": 2, "image_url": "https://fbcdn-profile-a.akamaihd.net/hprofile-ak-xfp1/v/t1.0-1/p320x320/10599357_10202415407291903_4144992448450107296_n.jpg?oh=7377b798ea8b521aec54b9d2fce6783b&oe=567E5711&__gda__=1450667142_4966b1670d25610c132a759eb9e5b61b"}, {"name": "Whitney Lorenzen", "pinterest": "http://pinterest.com/whitstir315/", "url": "https://www.facebook.com/whitstir", "company": "Denver Public Schools", "introducer_name": "James Mathew", "job": "1st Grade Teacher", "score": 2, "image_url": "https://fbcdn-profile-a.akamaihd.net/hprofile-ak-xpf1/v/t1.0-1/p320x320/10409672_10102334312012003_6198413629789258074_n.jpg?oh=450ff04f025653ebbd12da5bf6da1229&oe=564F5FE6&__gda__=1446974622_97b1e1dca5d91725e7101242f739938c", "facebook": "https://www.facebook.com/whitstir", "introducer_url": "https://www.facebook.com/jimmyd31", "id": "whitstir", "leadscore": 2}, {"degree": "Fashion Merchandising/Marketing", "company": "Ardent Mills", "job": "Finance Department", "facebook": "https://www.facebook.com/lindsay.neu.7", "introducer_url": "https://www.facebook.com/jimmyd31", "id": "lindsay.neu.7", "leadscore": 2, "name": "Lindsay Neu", "url": "https://www.facebook.com/lindsay.neu.7", "introducer_name": "James Mathew", "score": 2, "image_url": "https://fbcdn-profile-a.akamaihd.net/hprofile-ak-xpt1/v/t1.0-1/p320x320/11219069_10102271938703613_7212441472719353185_n.jpg?oh=fa0a5f1332ec9d73b960396d6aa5dfad&oe=56788633&__gda__=1447496895_3168229626ff72475887715db4fc429c"}, {"name": "Liz Ackerman ", "pinterest": "http://pinterest.com/futuremrsa212/", "url": "https://www.facebook.com/liz.williams.33", "company": "Jefferson County Public Schools (Colorado)", "introducer_name": "Jenay Sellers", "job": "1st Grade Teacher", "score": 2, "image_url": "https://fbcdn-profile-a.akamaihd.net/hprofile-ak-xft1/v/t1.0-1/p320x320/11751729_10101161751038822_4480273716994710486_n.jpg?oh=9238d25f187da74b538d17d786b0360d&oe=563D5625&__gda__=1450787592_26af83ef8aa1141ae4a3b5e866ce35e0", "facebook": "https://www.facebook.com/liz.williams.33", "introducer_url": "https://www.facebook.com/jenaysellers", "id": "liz.williams.33", "leadscore": 2}, {"degree": "Criminal Justice", "company": "Stryker Corporation", "job": "Spine Sales", "facebook": "https://www.facebook.com/mjmoriarty1", "introducer_url": "https://www.facebook.com/1174238758", "id": "mjmoriarty1", "leadscore": 2, "name": "Mark J Moriarty", "url": "https://www.facebook.com/mjmoriarty1", "introducer_name": "Jake Smith", "score": 2, "image_url": "https://fbcdn-profile-a.akamaihd.net/hprofile-ak-xpa1/v/t1.0-1/p320x320/11151073_10155514059650282_8521354852811749028_n.jpg?oh=a41aa02e579c901fcfb69e70cf79ebaa&oe=563AE0B3&__gda__=1447798562_5421bd2960f45b0f8126408a405f36f0"}, {"name": "Kaitlin Gault", "degree": "Public Relations and Advertising Media", "pinterest": "http://pinterest.com/kaitlin1409/", "url": "https://www.facebook.com/kaitlin.gault", "company": "City of Brighton, Colorado Government", "introducer_name": "Jake Smith", "job": "Communications Specialist", "score": 2, "image_url": "https://fbcdn-profile-a.akamaihd.net/hprofile-ak-xpt1/v/t1.0-1/c19.0.320.320/p320x320/11781633_10207586852139321_1528442628237105861_n.jpg?oh=19fa9f228042190002407b9e2ce5c175&oe=567FA332&__gda__=1446781296_c20d91f750a395c405eb9fc59d4b05a4", "facebook": "https://www.facebook.com/kaitlin.gault", "introducer_url": "https://www.facebook.com/1174238758", "id": "kaitlin.gault", "leadscore": 2}, {"name": "Taylor Read ", "pinterest": "http://pinterest.com/treadinfree/", "url": "https://www.facebook.com/Teadinfree", "company": "Halliburton", "introducer_name": "Al Bohlim", "job": "haliburton operator assistant frac/acid", "score": 2, "image_url": "https://fbcdn-profile-a.akamaihd.net/hprofile-ak-xfa1/v/t1.0-1/p320x320/11403009_10156148185750131_7219381661864784180_n.jpg?oh=4b9ae965eb0ad3a3afb8fcacecc3576d&oe=567980F3&__gda__=1451077571_baded093a1488edc3959cbe17098608a", "plus": "https://plus.google.com/103065528943766363560/about", "facebook": "https://www.facebook.com/Teadinfree", "introducer_url": "https://www.facebook.com/al.bohlim", "id": "Teadinfree", "leadscore": 2}, {"company": "Avago Technologies", "job": "Works", "facebook": "https://www.facebook.com/joey.jackson.7127146", "introducer_url": "https://www.facebook.com/al.bohlim", "id": "joey.jackson.7127146", "leadscore": 2, "name": "Joey Jackson", "url": "https://www.facebook.com/joey.jackson.7127146", "introducer_name": "Al Bohlim", "score": 2, "image_url": "https://fbcdn-profile-a.akamaihd.net/hprofile-ak-xtp1/v/t1.0-1/c0.11.320.320/p320x320/10888923_10153024925042160_2792372782506552069_n.jpg?oh=f291ce7f92b6e2194c5726040670360e&oe=567D3F38&__gda__=1450706764_3e830ebfc8c6e9b1abcbf873b73a29cd"}, {"introducer_name": "Jenay Sellers", "job": "Assistant General Manager", "score": 2, "image_url": "https://fbcdn-profile-a.akamaihd.net/hprofile-ak-xpt1/v/t1.0-1/p320x320/10622879_10102557787051143_2624368607045274792_n.jpg?oh=cc32a7629cf4769234bc5a40389c235e&oe=567F8B98&__gda__=1447899668_414e1f4c0557710c29dbd14909567abf", "name": "Patti Vandenberg", "pinterest": "http://pinterest.com/psykora77/", "company": "Prestige Fitness Arvada and Co-Founder and Coach", "introducer_url": "https://www.facebook.com/jenaysellers", "id": "10233495", "leadscore": 2}, {"company": "United Energy Trading, LLC", "job": "Works", "facebook": "https://www.facebook.com/dale.miranda.3", "introducer_url": "https://www.facebook.com/1174238758", "id": "dale.miranda.3", "leadscore": 2, "name": "Dale Miranda", "url": "https://www.facebook.com/dale.miranda.3", "introducer_name": "Jake Smith", "score": 2, "image_url": "https://fbcdn-profile-a.akamaihd.net/hprofile-ak-xpa1/v/t1.0-1/p320x320/10906085_10100963074133932_8049876713746948047_n.jpg?oh=f83ef0e4562e2dfd68a1c4dee5eb7bbf&oe=567CE14B&__gda__=1447426010_ecc7a47292a48992668a3615688f5149"}, {"name": "Lindsey Fox", "pinterest": "http://pinterest.com/lindseyjofox/", "url": "https://www.facebook.com/lindsey.hott", "company": "Best Eyecare Associates", "introducer_name": "Jake Smith", "job": "Management", "score": 2, "image_url": "https://fbcdn-profile-a.akamaihd.net/hprofile-ak-xat1/v/t1.0-1/p320x320/11222904_10153519611923678_1021587147964576867_n.jpg?oh=9fbdae7858ad5491324d57a589e3923e&oe=567E6E92&__gda__=1450569725_33b7dda1511ceb918ad48ef69e057872", "facebook": "https://www.facebook.com/lindsey.hott", "introducer_url": "https://www.facebook.com/1174238758", "id": "lindsey.hott", "leadscore": 2}, {"company": "Scrub Productions", "job": "Co Owner", "facebook": "https://www.facebook.com/anthony.politano.777", "introducer_url": "https://www.facebook.com/1174238758", "id": "anthony.politano.777", "leadscore": 2, "name": "Anthony Politano", "url": "https://www.facebook.com/anthony.politano.777", "introducer_name": "Jake Smith", "score": 2, "image_url": "https://fbcdn-profile-a.akamaihd.net/hprofile-ak-xft1/v/t1.0-1/p320x320/11015084_10206438730466342_6200918544843168277_n.jpg?oh=b8775cca2c26c9c2e13639bcec421091&oe=56839353&__gda__=1450773630_0ad6cab44ff58e9c0249b266886c2bf8"}, {"name": "Christine Kelly", "pinterest": "http://pinterest.com/christinealeena/", "url": "https://www.facebook.com/christine.kelly.3517", "company": "Summit School District", "introducer_name": "Al Bohlim", "job": "Works", "score": 2, "image_url": "https://fbcdn-profile-a.akamaihd.net/hprofile-ak-xap1/v/t1.0-1/p320x320/10941867_10153460328508000_7918882124240687403_n.jpg?oh=a8c0640632fb6fddd7c48af6e64c63f5&oe=5682788F&__gda__=1446772314_d3e49df0661ee88ae41631c67dc27a91", "facebook": "https://www.facebook.com/christine.kelly.3517", "introducer_url": "https://www.facebook.com/al.bohlim", "id": "christine.kelly.3517", "leadscore": 2}, {"company": "Farmers Insurance", "job": "Works", "facebook": "https://www.facebook.com/kaleigh.caldwell", "introducer_url": "https://www.facebook.com/jenaysellers", "id": "kaleigh.caldwell", "leadscore": 2, "name": "Kaleigh Caldwell", "url": "https://www.facebook.com/kaleigh.caldwell", "introducer_name": "Jenay Sellers", "score": 2, "image_url": "https://fbcdn-profile-a.akamaihd.net/hprofile-ak-xft1/v/t1.0-1/c0.87.873.873/s320x320/11836874_10100502916234353_5791620493074205337_n.jpg?oh=4cd0650e32d5cc78b883a06ebc9edeea&oe=56825ACE&__gda__=1447011020_b775f45e9b9323447f1ba9bf733de8a5"}, {"company": "John Baker Sales", "job": "Works", "facebook": "https://www.facebook.com/jerad.blasier", "introducer_url": "https://www.facebook.com/1174238758", "id": "jerad.blasier", "leadscore": 1, "name": "Jerad Blasier", "url": "https://www.facebook.com/jerad.blasier", "introducer_name": "Jake Smith", "score": 1, "image_url": "https://fbcdn-profile-a.akamaihd.net/hprofile-ak-xfp1/v/t1.0-1/p320x320/10423870_1079627778731401_1293392683717777817_n.jpg?oh=9e6d14ea2a706aa78581e45c805c3bdf&oe=5638A653&__gda__=1450763333_d73aabb6dbc9f7d1ae1d46bd06b2edfa"}, {"degree": "B.S. Political Science", "company": "Sport Clips East Arvada", "job": "Started Working", "facebook": "https://www.facebook.com/tommy.skul", "introducer_url": "https://www.facebook.com/1174238758", "id": "tommy.skul", "leadscore": 1, "name": "Tommy Skul", "url": "https://www.facebook.com/tommy.skul", "introducer_name": "Jake Smith", "score": 1, "image_url": "https://fbcdn-profile-a.akamaihd.net/hprofile-ak-xaf1/v/t1.0-1/p320x320/11813355_10100504708322993_7372827214744741773_n.jpg?oh=77f6faee8572daf99415b87eb625ff55&oe=563E1083&__gda__=1446739480_ae8756e429875a17abca2d7bb6e82146"}, {"company": "It Works Global and QC", "job": "Independent Distributor", "facebook": "https://www.facebook.com/gunniegirl", "introducer_url": "https://www.facebook.com/jerard.barela", "id": "gunniegirl", "leadscore": 1, "name": "Gunilla Nilsson Thompson", "url": "https://www.facebook.com/gunniegirl", "introducer_name": "Jerard Barela", "score": 1, "image_url": "https://fbcdn-profile-a.akamaihd.net/hprofile-ak-xfp1/v/t1.0-1/p320x320/11058000_10204559951182641_6535954664472957520_n.jpg?oh=3bb8737b32800568e5e7b4b033c43035&oe=56436AEE&__gda__=1447895417_5eaf5fe4de7831e9b438aab46c19d22d"}, {"degree": "Marketing", "company": "Verizon Wireless", "job": "Retail Sales Rep", "facebook": "https://www.facebook.com/aaron.karlstrum", "introducer_url": "https://www.facebook.com/jenaysellers", "id": "aaron.karlstrum", "leadscore": 1, "name": "Aaron Karlstrum", "url": "https://www.facebook.com/aaron.karlstrum", "introducer_name": "Jenay Sellers", "score": 1, "image_url": "https://fbcdn-profile-a.akamaihd.net/hprofile-ak-xfa1/v/t1.0-1/p320x320/11813506_10204610167434718_5938071503409309070_n.jpg?oh=5f599d307e51cd59dbce989a2eb6c314&oe=563E2580&__gda__=1447183280_2a95e3b1ea9db4bbf7ce60a17735485f"}, {"company": "MusclePharm", "job": "Quality Assurance Specialist", "facebook": "https://www.facebook.com/bryson.romero", "introducer_url": "https://www.facebook.com/eli.eaton", "id": "bryson.romero", "leadscore": 1, "name": "Bryson Romero", "url": "https://www.facebook.com/bryson.romero", "introducer_name": "Eli Jacob", "score": 1, "image_url": "https://fbcdn-profile-a.akamaihd.net/hprofile-ak-xpf1/v/t1.0-1/p320x320/11012678_10203940741668545_2998053291771921280_n.jpg?oh=605e5a6bc6cc943103ca7c0726103027&oe=5681069D&__gda__=1447923941_7662a36b3c0726603a6727bc544c2f08"}, {"name": "Annie Johnson", "pinterest": "http://pinterest.com/kimbroughj/", "url": "https://www.facebook.com/annie.johnson.96199", "company": "Pilates Downtown", "introducer_name": "Amy Page", "job": "Owner/Pilates Instructor", "score": 1, "image_url": "https://fbcdn-profile-a.akamaihd.net/hprofile-ak-xtp1/v/t1.0-1/p320x320/11754263_10153088710680897_8059070849493823056_n.jpg?oh=96477b12db246bb3f1d5ac172ba66885&oe=56369300&__gda__=1447464408_f04ea1c71af128bb7a849850f41dfcdb", "facebook": "https://www.facebook.com/annie.johnson.96199", "introducer_url": "https://www.facebook.com/amy.page.982", "id": "annie.johnson.96199", "leadscore": 1}, {"name": "Chelsey Shea", "pinterest": "http://pinterest.com/chelsey5989/", "url": "https://www.facebook.com/chelsey5989", "company": "Chelsey's Grooming", "introducer_name": "Al Bohlim", "job": "Owner/Groomer", "score": 1, "image_url": "https://fbcdn-profile-a.akamaihd.net/hprofile-ak-xtf1/v/t1.0-1/p320x320/11665358_789241644522399_8249547923250543980_n.jpg?oh=fcb2cb28b5f95412b9588af36d4bde47&oe=563DCB0C&__gda__=1451119993_484e7e74b26e36b96c1cafd0faa3e1bb", "facebook": "https://www.facebook.com/chelsey5989", "introducer_url": "https://www.facebook.com/al.bohlim", "id": "chelsey5989", "leadscore": 1}, {"degree": "Biology", "company": "CCA1 and CNA/Caregiver", "job": "Medical Technologist", "facebook": "https://www.facebook.com/jordan.valdez.376", "introducer_url": "https://www.facebook.com/al.bohlim", "id": "jordan.valdez.376", "leadscore": 1, "name": "Jordan Valdez", "url": "https://www.facebook.com/jordan.valdez.376", "introducer_name": "Al Bohlim", "score": 1, "image_url": "https://fbcdn-profile-a.akamaihd.net/hprofile-ak-xft1/v/t1.0-1/p320x320/11738023_1003980806292208_1269640817521518231_n.jpg?oh=4a78753a0fdadd279f21fcd645e7c8aa&oe=56480CC2&__gda__=1446751815_1881149a7f66f25e46aef5f95607e121"}, {"company": "Arvada West Veterinary Hospital", "job": "CVT", "facebook": "https://www.facebook.com/cristy.grubbs", "introducer_url": "https://www.facebook.com/al.bohlim", "id": "cristy.grubbs", "leadscore": 1, "name": "Cristy Tanksley", "url": "https://www.facebook.com/cristy.grubbs", "introducer_name": "Al Bohlim", "score": 1, "image_url": "https://fbcdn-profile-a.akamaihd.net/hprofile-ak-xpf1/v/t1.0-1/p320x320/11013624_10205722263390504_5500115845731873762_n.jpg?oh=8ffde20a800aeba2c8ba2d34cf98c185&oe=56425F0E&__gda__=1446933622_788cede6959bcdf5b229621dd9957ff5"}, {"company": "Liberty Mutual Insurance", "job": "Works", "facebook": "https://www.facebook.com/nicole.jessi.7", "introducer_url": "https://www.facebook.com/al.bohlim", "id": "nicole.jessi.7", "leadscore": 1, "name": "Nicole Jessi", "url": "https://www.facebook.com/nicole.jessi.7", "introducer_name": "Al Bohlim", "score": 1, "image_url": "https://myspace.com/common/images/user.png"}, {"degree": "Business Marketing", "company": "Western Pacific Insurance Network, Inc.", "job": "Marketing Rep", "facebook": "https://www.facebook.com/justin.milhollan", "introducer_url": "https://www.facebook.com/1174238758", "id": "justin.milhollan", "leadscore": 1, "name": "Justin Milhollan", "url": "https://www.facebook.com/justin.milhollan", "introducer_name": "Jake Smith", "score": 1, "image_url": "https://fbcdn-profile-a.akamaihd.net/hprofile-ak-xta1/v/t1.0-1/p320x320/10494851_10204157662840276_6213614603578876130_n.jpg?oh=c9c6076712ba2f93b874a263222a5332&oe=564103A0&__gda__=1447496159_9a423a3ad05f9418e9649f9855ed7762"}, {"degree": "Marketing", "company": "Mines Dining by Sodexo", "job": "Marketing Coordinator", "facebook": "https://www.facebook.com/casey.hix.9", "introducer_url": "https://www.facebook.com/al.bohlim", "id": "casey.hix.9", "leadscore": 1, "name": "Casey Hix", "url": "https://www.facebook.com/casey.hix.9", "introducer_name": "Al Bohlim", "score": 1, "image_url": "https://fbcdn-profile-a.akamaihd.net/hprofile-ak-xaf1/v/t1.0-1/p320x320/11828617_10205026275399091_6122309366809817557_n.jpg?oh=e2999f7859dfbd43717ec48361a8e5b1&oe=56432789&__gda__=1450849554_67f2ca4dd9ed6c4bd531cc4aa5a90a77"}, {"company": "Target", "job": "Works", "facebook": "https://www.facebook.com/andrew.hasse.3", "introducer_url": "https://www.facebook.com/al.bohlim", "id": "andrew.hasse.3", "leadscore": 1, "name": "Andrew Hasse", "url": "https://www.facebook.com/andrew.hasse.3", "introducer_name": "Al Bohlim", "score": 1, "image_url": "https://fbcdn-profile-a.akamaihd.net/hprofile-ak-xap1/v/t1.0-1/c0.0.320.320/p320x320/994338_10201092359766002_790826108_n.jpg?oh=df4a10d8f3e755f8f04998bda4a2202e&oe=56456714&__gda__=1447376422_16a3e15827a6f4ff63bb21c358ee3374"}, {"company": "Home Mortgage Alliance, LLC", "job": "Mortgage Loan Originator", "facebook": "https://www.facebook.com/logan.shell.7", "introducer_url": "https://www.facebook.com/al.bohlim", "id": "logan.shell.7", "leadscore": 1, "name": "Logan Shell", "url": "https://www.facebook.com/logan.shell.7", "introducer_name": "Al Bohlim", "score": 1, "image_url": "https://fbcdn-profile-a.akamaihd.net/hprofile-ak-xpa1/v/t1.0-1/p320x320/1455185_524406447656486_50378422_n.jpg?oh=a6d2d0f1c0b0b7add1cc2dcd79bafab8&oe=567923AD&__gda__=1448024579_be5f57065a23b395c9debac56df2bdab"}, {"company": "Ball Corporation", "job": "Millwright", "facebook": "https://www.facebook.com/david.bradley.7543", "introducer_url": "https://www.facebook.com/jerard.barela", "id": "david.bradley.7543", "leadscore": 1, "name": "David Bradley", "url": "https://www.facebook.com/david.bradley.7543", "introducer_name": "Jerard Barela", "score": 1, "image_url": "https://fbcdn-profile-a.akamaihd.net/hprofile-ak-xfa1/v/t1.0-1/p320x320/10408077_10206160991535864_6160242685997452894_n.jpg?oh=2d7f88222d36130255cddde7bb6a2216&oe=56763E07&__gda__=1451226423_8e0c5567896f3018517ee94623e951c5"}, {"company": "AMT (Applied Medical Technology, Inc.)", "job": "Works", "facebook": "https://www.facebook.com/kara.thompson.3975", "introducer_url": "https://www.facebook.com/jenaysellers", "id": "kara.thompson.3975", "leadscore": 1, "name": "Kara Thompson", "url": "https://www.facebook.com/kara.thompson.3975", "introducer_name": "Jenay Sellers", "score": 1, "image_url": "https://fbcdn-profile-a.akamaihd.net/hprofile-ak-xtf1/v/t1.0-1/p320x320/11693972_10103350485571953_946164862428990121_n.jpg?oh=6ffdf3fabd4fa7d422e1b103e3b3fdcd&oe=56480D99&__gda__=1450618703_c390ce89a6d1063037eb4bf9326fe46e"}, {"degree": "Welding", "company": "Extreme Towing & Recovery", "job": "mechanic/tow truck driver", "facebook": "https://www.facebook.com/Whiteboy133", "introducer_url": "https://www.facebook.com/1174238758", "id": "Whiteboy133", "leadscore": 0, "name": "Jonathan C. Ellison", "url": "https://www.facebook.com/Whiteboy133", "introducer_name": "Jake Smith", "score": 1, "image_url": "https://fbcdn-profile-a.akamaihd.net/hprofile-ak-xtf1/v/t1.0-1/p320x320/11752424_1162273863790076_7255991550375699753_n.jpg?oh=7e85a758c98347df77909bc6d10594e6&oe=567FA0C0&__gda__=1447018006_c61ef5eee226d65931805dd515ed4dc5"}]