{"University of Cincinnati": [{"company": "Sidfactor", "linkedin": "http://www.linkedin.com/pub/evi-ranson/47/a97/884", "job": "Design and Development Intern", "facebook": "https://www.facebook.com/eranson7", "id": "eranson7", "leadscore": 5, "name": "Evi Jo Ranson", "pinterest": "http://www.pinterest.com/evijo7/", "url": "https://www.facebook.com/eranson7", "score": 3, "image_url": "https://fbcdn-profile-a.akamaihd.net/hprofile-ak-xtp1/v/t1.0-1/p320x320/11048698_10155677838715241_4450510270560936106_n.jpg?oh=90a357391d542c77171878d02ea7272a&oe=564979DB&__gda__=1451093507_39ab9c92e34f4948e9269e36dc1dd3a9", "twitter": "https://twitter.com/eranson7"}], "UNLV": [{"name": "Ty Adams", "url": "http://www.linkedin.com/pub/ty-adams/54/b69/103", "company": "SST Energy", "linkedin": "http://www.linkedin.com/pub/ty-adams/54/b69/103", "job": "Assistant Marketing/Contracts Manager", "score": 1, "image_url": "https://media.licdn.com/media/AAEAAQAAAAAAAAF5AAAAJDgwYWM3ZTU1LTJlNjEtNDQ1Ny04ZDFkLTI0YTgwZDlhYTQ4Ng.jpg", "id": 40033767, "leadscore": 0}], "Colorado College": [{"name": "Thomas Brattle \"Toby\" Gannett", "url": "https://www.linkedin.com/pub/thomas-brattle-\"toby\"-gannett/22/71/789", "company": "Colorado Springs Regional Business Alliance", "linkedin": "https://www.linkedin.com/pub/thomas-brattle-\"toby\"-gannett/22/71/789", "job": "Interim President and CEO", "score": 2, "image_url": "https://media.licdn.com/mpr/mpr/shrinknp_400_400/p/8/005/03b/2cc/08f3b4f.jpg", "facebook": "http://www.facebook.com/people/_/1108267935", "id": 40291346, "leadscore": 3}, {"name": "Thomas Brattle \"Toby\" Gannett", "url": "https://www.linkedin.com/pub/thomas-brattle-\"toby\"-gannett/22/71/789", "company": "Colorado Springs Regional Business Alliance", "linkedin": "https://www.linkedin.com/pub/thomas-brattle-\"toby\"-gannett/22/71/789", "job": "Interim President and CEO", "score": 2, "image_url": "https://media.licdn.com/mpr/mpr/shrinknp_400_400/p/8/005/03b/2cc/08f3b4f.jpg", "facebook": "http://www.facebook.com/people/_/1108267935", "id": 40291346, "leadscore": 3}, {"name": "Jeremiah Waters", "url": "http://www.linkedin.com/pub/jeremiah-waters/36/6a9/886", "company": "CGI", "linkedin": "http://www.linkedin.com/pub/jeremiah-waters/36/6a9/886", "job": "Recruiter", "score": 1, "image_url": "https://media.licdn.com/mpr/mpr/shrinknp_400_400/p/4/000/184/13a/08d764f.jpg", "id": 21338462, "leadscore": 1}], "Regis University": [{"name": "Erin Manion Swetnam", "pinterest": "http://www.pinterest.com/nirebabe/", "url": "https://www.facebook.com/erin.swetnam", "twitter": "http://twitter.com/nirebabe", "linkedin": "http://www.linkedin.com/pub/erin-swetnam/a/9bb/495", "id": "erin.swetnam", "job": "Corporate Attorney", "score": 3, "image_url": "https://fbcdn-profile-a.akamaihd.net/hprofile-ak-xtf1/v/t1.0-1/p320x320/1511339_728098273661_5644728683730032518_n.jpg?oh=230e88737421edb8fed42edc16360618&oe=5652CFC7&__gda__=1447166529_19f5bec42a8939e83d636ea2598794c9", "facebook": "https://www.facebook.com/erin.swetnam", "company": "Mercy Housing", "leadscore": 11}, {"name": "Erin Manion Swetnam", "pinterest": "http://www.pinterest.com/nirebabe/", "url": "https://www.facebook.com/erin.swetnam", "twitter": "http://twitter.com/nirebabe", "linkedin": "http://www.linkedin.com/pub/erin-swetnam/a/9bb/495", "id": "erin.swetnam", "job": "Corporate Attorney", "score": 3, "image_url": "https://fbcdn-profile-a.akamaihd.net/hprofile-ak-xtf1/v/t1.0-1/p320x320/1511339_728098273661_5644728683730032518_n.jpg?oh=230e88737421edb8fed42edc16360618&oe=5652CFC7&__gda__=1447166529_19f5bec42a8939e83d636ea2598794c9", "facebook": "https://www.facebook.com/erin.swetnam", "company": "Mercy Housing", "leadscore": 11}, {"name": "Michelle DelPiccolo", "twitter": "http://twitter.com/MicDelPiccolo", "pinterest": "http://pinterest.com/michelledp/", "url": "https://www.linkedin.com/pub/michelle-delpiccolo/29/53b/8b4", "company": "Right Start Race Management LLC", "linkedin": "https://www.linkedin.com/pub/michelle-delpiccolo/29/53b/8b4", "job": "Co Founder", "score": 3, "image_url": "https://media.licdn.com/mpr/mpr/shrinknp_400_400/p/7/000/1f9/215/295c011.jpg", "facebook": "http://www.facebook.com/people/_/100000445882388", "id": 40291255, "leadscore": 10}, {"facebook": "https://www.facebook.com/AmandaCavs", "name": "Amanda Cavs", "url": "https://www.facebook.com/AmandaCavs", "company": "Connect the Ages", "linkedin": "http://www.linkedin.com/pub/amanda-cavaleri/17/553/bba", "job": "CEO & Founder", "score": 3, "image_url": "https://fbcdn-profile-a.akamaihd.net/hprofile-ak-xft1/v/t1.0-1/p320x320/10511112_10100861090100576_3765872596242018698_n.jpg?oh=61e49e1a5518cb14e795afeca60c5f71&oe=563B6B09&__gda__=1448062244_b79b5a4a2c46a7c34219d2cc44472037", "plus": "https://plus.google.com/105474548347322061539/about", "id": "AmandaCavs", "leadscore": 8}, {"name": "Emily Manion", "pinterest": "http://www.pinterest.com/manio652/", "url": "https://www.facebook.com/emily.manion.5", "company": "Jefferson County Public Schools", "linkedin": "https://www.linkedin.com/pub/emily-manion/21/698/a84", "job": "Kindergarten Teacher", "score": 3, "image_url": "https://fbcdn-profile-a.akamaihd.net/hprofile-ak-xpf1/v/t1.0-1/p320x320/11011634_773875735261_2010753807671422126_n.jpg?oh=d39c94480c8876975657fe816f968947&oe=563DB510&__gda__=1448110188_07fba3a724ae44d4f373d9f507c2c67d", "facebook": "https://www.facebook.com/emily.manion.5", "id": "emily.manion.5", "leadscore": 7}, {"name": "Emily Manion", "pinterest": "http://www.pinterest.com/manio652/", "url": "https://www.facebook.com/emily.manion.5", "company": "Jefferson County Public Schools", "linkedin": "https://www.linkedin.com/pub/emily-manion/21/698/a84", "job": "Kindergarten Teacher", "score": 3, "image_url": "https://fbcdn-profile-a.akamaihd.net/hprofile-ak-xpf1/v/t1.0-1/p320x320/11011634_773875735261_2010753807671422126_n.jpg?oh=d39c94480c8876975657fe816f968947&oe=563DB510&__gda__=1448110188_07fba3a724ae44d4f373d9f507c2c67d", "facebook": "https://www.facebook.com/emily.manion.5", "id": "emily.manion.5", "leadscore": 7}, {"school": "The University of New Mexico", "name": "Jennifer Pedraza", "url": "http://www.linkedin.com/pub/jennifer-pedraza/25/763/419", "company": "IBM", "linkedin": "http://www.linkedin.com/pub/jennifer-pedraza/25/763/419", "job": "Senior Change Management Consultant", "score": 3, "image_url": "https://media.licdn.com/mpr/mpr/shrinknp_400_400/p/3/000/0ee/030/398ab90.jpg", "id": 28226870, "leadscore": 4}, {"name": "Erica S. Easter", "url": "https://www.linkedin.com/in/ericaeaster", "company": "Easter-Owens Electric Co", "linkedin": "https://www.linkedin.com/in/ericaeaster", "job": "Vice President", "score": 2, "image_url": "https://myspace.com/common/images/user.png", "plus": "https://plus.google.com/107629974582626422174/about", "id": 40291329, "leadscore": 2}, {"name": "Lionello DelPiccolo", "url": "http://www.linkedin.com/pub/lionello-delpiccolo/65/3ab/35", "company": "ActiveJunky.com", "linkedin": "http://www.linkedin.com/pub/lionello-delpiccolo/65/3ab/35", "job": "Digital Production Coordinator", "score": 2, "image_url": "https://media.licdn.com/mpr/mpr/shrinknp_400_400/p/5/005/094/3fc/1c537db.jpg", "id": 8065883, "leadscore": 2}, {"job": "Financial Analyst", "score": 1, "image_url": "https://fbcdn-profile-a.akamaihd.net/hprofile-ak-xtp1/v/t1.0-1/p320x320/11703343_10153092463948517_8122043160161048148_n.jpg?oh=a582242ef6ebed418c70e45f3aaed03e&oe=5647E60E&__gda__=1447446742_6410b3fe6f629e3023fb95d0e84368b0", "name": "Zach Johnson", "url": "https://www.linkedin.com/pub/zach-johnson/39/302/5b8", "company": "Radiology Imaging Associates / Invision Sally Jobe", "id": "592868516", "linkedin": "https://www.linkedin.com/pub/zach-johnson/39/302/5b8", "leadscore": -2}], "The University of South Dakota": [{"name": "Greg Blanchard", "url": "http://www.linkedin.com/pub/greg-blanchard/28/755/771", "company": "Eagle Strategies, LLC", "amazon": "http://www.amazon.com/gp/pdp/profile/A54WUE5SO5ZPD/", "linkedin": "http://www.linkedin.com/pub/greg-blanchard/28/755/771", "job": "Financial Adviser", "score": 3, "image_url": "https://media.licdn.com/mpr/mpr/shrinknp_400_400/p/6/005/059/2ae/3592696.jpg", "facebook": "http://www.facebook.com/people/_/100001731686451", "id": 30013122, "leadscore": 11}], "Universidad de Granada": [{"school": "The University of New Mexico - Robert O. Anderson School of Management", "name": "Stephen Park", "url": "https://www.facebook.com/stephen.park2", "company": "Davis Advisory Group LLC", "linkedin": "http://www.linkedin.com/pub/stephen-park/28/219/157", "job": "Former Associate", "score": 2, "image_url": "https://fbcdn-profile-a.akamaihd.net/hprofile-ak-prn2/v/t1.0-1/c83.40.502.502/s320x320/1013893_10151712839199859_1319726960_n.jpg?oh=f0b67c7e4fa83dc02f8103e6d5c22ad2&oe=567EBF4E&__gda__=1446779829_ced663c62225cb449d66ed24c54f7a74", "facebook": "https://www.facebook.com/stephen.park2", "id": "stephen.park2", "leadscore": 3}], "California State University-Fresno": [{"school": "The University of New Mexico", "name": "John Sullivan", "url": "https://www.linkedin.com/pub/john-sullivan/b2/ab1/768", "company": "Mountain West Conference", "linkedin": "https://www.linkedin.com/pub/john-sullivan/b2/ab1/768", "job": "Assistant Director of Operations", "score": 2, "image_url": "https://media.licdn.com/mpr/mpr/shrinknp_400_400/p/8/005/0b7/2a3/10b8556.jpg", "id": 40291267, "leadscore": 2}], "University of Wyoming College of Law": [{"name": "Ryan Polk", "url": "https://www.linkedin.com/pub/ryan-polk/92/b80/264", "company": "RK Mechanical, Inc.", "linkedin": "https://www.linkedin.com/pub/ryan-polk/92/b80/264", "job": "General Counsel", "score": 1, "image_url": "https://media.licdn.com/mpr/mpr/shrinknp_400_400/AAEAAQAAAAAAAANTAAAAJDAyNzM1YTg2LWVjZTMtNGRlMy04MWM5LTg0ZmZjZWI2ZmRmMQ.jpg", "id": 40291326, "leadscore": 1}], "The University of Edinburgh": [{"name": "Kane Kunz", "url": "http://www.linkedin.com/pub/kane-kunz/40/490/a1", "company": "Kane Capital, LLC", "linkedin": "http://www.linkedin.com/pub/kane-kunz/40/490/a1", "job": "Founder/Owner", "score": 2, "image_url": "https://media.licdn.com/mpr/mpr/shrinknp_400_400/AAEAAQAAAAAAAALmAAAAJDM3YTE5OTdlLWY1MTYtNDI5MS1hYTBiLTQ2ZGQ1Y2MyMzU5Yg.jpg", "id": 13865193, "leadscore": 3}], "Griffith University": [{"name": "Justin DesCombes, RL", "url": "http://www.linkedin.com/pub/justin-descombes-rl/56/b28/a38", "company": "Purple Land Management", "linkedin": "http://www.linkedin.com/pub/justin-descombes-rl/56/b28/a38", "job": "Landman", "score": 3, "image_url": "https://media.licdn.com/media/p/6/000/1bd/0b1/21d36b0.jpg", "facebook": "http://www.facebook.com/people/_/1427613627", "id": 38528058, "leadscore": 4}, {"name": "Ashton White", "url": "http://www.linkedin.com/pub/ashton-white/76/15b/901", "company": "Coldwell Banker Residential Brokerage", "linkedin": "http://www.linkedin.com/pub/ashton-white/76/15b/901", "job": "Associate Broker", "score": 2, "image_url": "https://media.licdn.com/mpr/mpr/shrinknp_400_400/AAEAAQAAAAAAAAMfAAAAJDI0NjYxY2MwLTA0MmYtNDBhNS1hYzQzLTk3OGE5NmYwYWY1MQ.jpg", "id": 26531317, "leadscore": 2}, {"name": "Tyler Hout", "url": "http://www.linkedin.com/pub/tyler-hout/41/ab7/66", "company": "Corpac Steel Products Corp", "linkedin": "http://www.linkedin.com/pub/tyler-hout/41/ab7/66", "job": "Business Development Manager", "score": 2, "image_url": "https://media.licdn.com/mpr/mpr/shrinknp_400_400/p/8/000/2c3/324/0608629.jpg", "id": 9092394, "leadscore": 2}], "The University of Georgia": [{"name": "Caroline Harris", "url": "https://www.linkedin.com/pub/caroline-harris/43/320/458", "company": "Tom James Company", "linkedin": "https://www.linkedin.com/pub/caroline-harris/43/320/458", "job": "Professional Clothier", "score": 1, "image_url": "https://media.licdn.com/mpr/mpr/shrinknp_400_400/p/6/005/0b7/14f/207ac12.jpg", "id": 40291289, "leadscore": 1}], "Colorado State University-Global Campus": [{"name": "Kyle Bernhardt", "url": "https://www.linkedin.com/in/kylebernhardtnyl", "company": "State Farm Insurance", "linkedin": "https://www.linkedin.com/in/kylebernhardtnyl", "job": "Agent Staff", "score": 1, "image_url": "https://media.licdn.com/mpr/mpr/shrinknp_400_400/p/8/005/096/0f2/259d2c6.jpg", "id": 40291269, "leadscore": 1}], "Columbia University - School of International and Public Affairs": [{"name": "Jennifer Blum", "url": "https://www.linkedin.com/in/jenniferlblum", "company": "Akers & Associates LLC", "amazon": "http://www.amazon.com/wishlist/12YI9KT6ORO1I", "linkedin": "https://www.linkedin.com/in/jenniferlblum", "job": "Of Counsel", "score": 3, "image_url": "https://media.licdn.com/mpr/mpr/shrinknp_400_400/p/1/000/188/262/008a50a.jpg", "facebook": "http://www.facebook.com/people/_/608300779", "id": 40291318, "leadscore": 11}], "Front Range Community College": [{"name": "James Mathew", "degree": "Kinesiology and Health Promotion", "url": "https://www.facebook.com/jimmyd31", "company": "Schlumberger", "linkedin": "http://www.linkedin.com/pub/jim-deandrea/26/442/735", "job": "Injury Prevention Advisor-Rockies/West", "score": 3, "image_url": "data:image/gif;base64,R0lGODlhAQABAIAAAP///wAAACwAAAAAAQABAAACAkQBADs=", "facebook": "https://www.facebook.com/jimmyd31", "id": "jimmyd31", "leadscore": 9}, {"name": "Keith Kilbey", "url": "http://www.linkedin.com/pub/keith-kilbey/96/411/b58", "company": "First Investors", "linkedin": "http://www.linkedin.com/pub/keith-kilbey/96/411/b58", "job": "Registered Representative", "score": 2, "image_url": "https://media.licdn.com/mpr/mpr/shrinknp_400_400/p/4/005/0b2/363/0f32223.jpg", "id": 33612957, "leadscore": 2}], "University of Northern Colorado": [{"name": "Tony Benallo", "url": "http://www.linkedin.com/pub/tony-benallo/7/542/5bb", "company": "HomeGuard Restoration", "linkedin": "http://www.linkedin.com/pub/tony-benallo/7/542/5bb", "job": "Co Owner/ Operator", "score": 3, "image_url": "https://myspace.com/common/images/user.png", "id": 13876026, "leadscore": 8}, {"name": "Tony Benallo", "url": "http://www.linkedin.com/pub/tony-benallo/7/542/5bb", "company": "HomeGuard Restoration", "linkedin": "http://www.linkedin.com/pub/tony-benallo/7/542/5bb", "job": "Co Owner/ Operator", "score": 3, "image_url": "https://myspace.com/common/images/user.png", "id": 13876026, "leadscore": 8}, {"name": "Brittni Biren", "pinterest": "http://www.pinterest.com/brittnicole057/", "url": "https://www.facebook.com/brittni.biren", "company": "Citywide Home Loans", "linkedin": "http://www.linkedin.com/pub/brittni-biren/42/143/a2a", "job": "Director of Business Development", "score": 3, "image_url": "https://fbcdn-profile-a.akamaihd.net/hprofile-ak-prn2/v/t1.0-1/c110.59.740.740/s320x320/601534_10100231142919952_1902387551_n.jpg?oh=09aa26f94631ebe83ac484f812982b74&oe=563D3230&__gda__=1446543563_475aa032a483008a3fd91a2705c08655", "facebook": "https://www.facebook.com/brittni.biren", "id": "brittni.biren", "leadscore": 7}, {"name": "Eli Jacob", "url": "https://www.facebook.com/eli.eaton", "company": "Granicus", "linkedin": "http://www.linkedin.com/pub/elijah-eaton/48/138/b83", "job": "Account Developer", "score": 3, "image_url": "https://fbcdn-profile-a.akamaihd.net/hprofile-ak-xpt1/v/t1.0-1/p320x320/11181223_10153049651233651_7460312253000778537_n.jpg?oh=d8ae3a1eaa1db60c97505c4bb7d92b0d&oe=56800656&__gda__=1447238618_cd5c9ce01b98a4d3270c2332a3208e81", "facebook": "https://www.facebook.com/eli.eaton", "id": "eli.eaton", "leadscore": 6}, {"name": "Eli Jacob", "url": "https://www.facebook.com/eli.eaton", "company": "Granicus", "linkedin": "http://www.linkedin.com/pub/elijah-eaton/48/138/b83", "job": "Account Developer", "score": 3, "image_url": "https://fbcdn-profile-a.akamaihd.net/hprofile-ak-xpt1/v/t1.0-1/p320x320/11181223_10153049651233651_7460312253000778537_n.jpg?oh=d8ae3a1eaa1db60c97505c4bb7d92b0d&oe=56800656&__gda__=1447238618_cd5c9ce01b98a4d3270c2332a3208e81", "facebook": "https://www.facebook.com/eli.eaton", "id": "eli.eaton", "leadscore": 6}, {"name": "Loren Landow", "url": "https://www.linkedin.com/pub/loren-landow/5/902/ba6", "company": "Steadman Hawkins Orthopedic group (DTC)", "linkedin": "https://www.linkedin.com/pub/loren-landow/5/902/ba6", "job": "Owner / Director of Sports Performance", "score": 3, "image_url": "https://media.licdn.com/media/p/2/000/010/248/22ebb2f.jpg", "facebook": "http://www.facebook.com/people/_/1163545706", "id": 40291369, "leadscore": 6}, {"name": "Arlis Hansberry", "url": "http://www.linkedin.com/pub/arlis-hansberry/49/979/7aa", "company": "SDL plc", "linkedin": "http://www.linkedin.com/pub/arlis-hansberry/49/979/7aa", "job": "Cloud Applications Lead Engineer", "score": 2, "image_url": "https://media.licdn.com/mpr/mpr/shrinknp_400_400/AAEAAQAAAAAAAAK0AAAAJDkzYWQ1YzQyLWMxMWItNDQyOS1hYjc1LWQyNDRkMjVhYzMzZg.jpg", "id": 13129343, "leadscore": 3}, {"name": "Kevin R Clapham, CLU\u00ae, ChFC\u00ae", "url": "https://www.linkedin.com/pub/kevin-r-clapham-clu\u00ae-chfc\u00ae/7/413/69a", "company": "Integrated Financial Strategies LLC", "linkedin": "https://www.linkedin.com/pub/kevin-r-clapham-clu\u00ae-chfc\u00ae/7/413/69a", "job": "Financial Advisor", "score": 1, "image_url": "https://myspace.com/common/images/user.png", "id": 40291296, "leadscore": 1}, {"name": "Anna E. Akerberg", "url": "https://www.linkedin.com/pub/anna-e-akerberg/11/b0a/648", "company": "Ally Onsite - Emergency Response", "linkedin": "https://www.linkedin.com/pub/anna-e-akerberg/11/b0a/648", "job": "Executive Assistant", "score": 1, "image_url": "https://media.licdn.com/mpr/mpr/shrinknp_400_400/AAEAAQAAAAAAAALYAAAAJDJhZTFhZWY2LTkyNTctNDg1ZS1hMDMyLWUzMDFjNjg2Zjk1Nw.jpg", "id": 40291350, "leadscore": 1}, {"name": "Eric Christensen", "url": "https://www.linkedin.com/pub/eric-christensen/80/890/62a", "company": "ExamOne, a Quest Diagnostics Company", "linkedin": "https://www.linkedin.com/pub/eric-christensen/80/890/62a", "job": "Sales Representative", "score": 1, "image_url": "https://media.licdn.com/mpr/mpr/shrinknp_400_400/p/7/005/04a/0bd/380e807.jpg", "id": 40291299, "leadscore": 1}], "Florida Atlantic University": [{"name": "Josh McKinley", "url": "http://www.linkedin.com/pub/josh-mckinley/25/651/a98", "company": "Fuller Sotheby\u2019s International Realty", "linkedin": "http://www.linkedin.com/pub/josh-mckinley/25/651/a98", "job": "Broker Associate", "score": 2, "image_url": "https://media.licdn.com/mpr/mpr/shrinknp_400_400/p/6/005/0a1/2c7/0de5992.jpg", "id": 412178, "leadscore": 2}], "Colorado School of Mines": [{"name": "Tyler Thyfault", "degree": "Mechanical Engineering", "url": "https://www.facebook.com/tyler.j.thyfault", "company": "Encana", "linkedin": "http://www.linkedin.com/pub/tyler-thyfault/46/65b/8b6", "job": "Engineer", "score": 3, "image_url": "https://fbcdn-profile-a.akamaihd.net/hprofile-ak-xaf1/v/t1.0-1/p320x320/1512368_10100239177109348_890640628_n.jpg?oh=c1df17bc9ad8e7b677db0b91f3f6ddc9&oe=565012DC&__gda__=1447860625_e43850308d5b9ac0320f47b2c43ca9f4", "facebook": "https://www.facebook.com/tyler.j.thyfault", "id": "tyler.j.thyfault", "leadscore": 4}, {"name": "Tyler Thyfault", "degree": "Mechanical Engineering", "url": "https://www.facebook.com/tyler.j.thyfault", "company": "Encana", "linkedin": "http://www.linkedin.com/pub/tyler-thyfault/46/65b/8b6", "job": "Engineer", "score": 3, "image_url": "https://fbcdn-profile-a.akamaihd.net/hprofile-ak-xaf1/v/t1.0-1/p320x320/1512368_10100239177109348_890640628_n.jpg?oh=c1df17bc9ad8e7b677db0b91f3f6ddc9&oe=565012DC&__gda__=1447860625_e43850308d5b9ac0320f47b2c43ca9f4", "facebook": "https://www.facebook.com/tyler.j.thyfault", "id": "tyler.j.thyfault", "leadscore": 4}, {"name": "Marco DelPiccolo, PE", "url": "https://www.linkedin.com/pub/marco-delpiccolo-pe/10/436/259", "company": "OpTerra Energy Services", "linkedin": "https://www.linkedin.com/pub/marco-delpiccolo-pe/10/436/259", "job": "Project Engineer", "score": 2, "image_url": "https://media.licdn.com/mpr/mpr/shrinknp_400_400/p/2/000/1b7/1a5/35c34ca.jpg", "id": 40291301, "leadscore": 3}, {"name": "Pete Rebstock", "url": "https://www.linkedin.com/pub/pete-rebstock/59/74b/2b", "company": "Concord Energy LLC", "linkedin": "https://www.linkedin.com/pub/pete-rebstock/59/74b/2b", "job": "Director of Producer Services", "score": 2, "image_url": "https://myspace.com/common/images/user.png", "id": 40291361, "leadscore": 2}, {"name": "Ian Mestdagh", "url": "http://www.linkedin.com/pub/ian-mestdagh/91/510/ba5", "company": "ECI Site Construction Management, Inc.", "linkedin": "http://www.linkedin.com/pub/ian-mestdagh/91/510/ba5", "job": "Project Manager", "score": 2, "image_url": "https://media.licdn.com/media/p/5/005/06c/2a6/3b7e0bd.jpg", "id": 7017722, "leadscore": 2}, {"name": "Charles Yarbrough, P.E.", "url": "http://www.linkedin.com/pub/charles-yarbrough-p-e/21/770/925", "company": "Maptek", "linkedin": "http://www.linkedin.com/pub/charles-yarbrough-p-e/21/770/925", "job": "Vulcan Solutions Engineer- Professional Technical Services", "score": 1, "image_url": "https://media.licdn.com/media/p/3/000/108/1bf/1b09e7f.jpg", "id": 39819005, "leadscore": 0}, {"name": "Charles Yarbrough, P.E.", "url": "http://www.linkedin.com/pub/charles-yarbrough-p-e/21/770/925", "company": "Maptek", "linkedin": "http://www.linkedin.com/pub/charles-yarbrough-p-e/21/770/925", "job": "Vulcan Solutions Engineer- Professional Technical Services", "score": 1, "image_url": "https://media.licdn.com/media/p/3/000/108/1bf/1b09e7f.jpg", "id": 39819005, "leadscore": 0}], "University of Mississippi": [{"name": "Chandler Fendler", "url": "https://www.linkedin.com/pub/chandler-fendler/a3/806/4a2", "company": "LIV Sotheby\u2019s International Realty", "linkedin": "https://www.linkedin.com/pub/chandler-fendler/a3/806/4a2", "job": "Real Estate Broker Associate", "score": 2, "image_url": "https://media.licdn.com/mpr/mpr/shrinknp_400_400/p/7/005/08c/209/05d2eba.jpg", "id": 40291342, "leadscore": 3}], "Arapahoe Community College": [{"name": "Kristina Wetherbee", "twitter": "http://twitter.com/HoneyBee55", "url": "http://www.linkedin.com/pub/kristina-wetherbee/6/701/325", "company": "PKK Investments, LLC.", "linkedin": "http://www.linkedin.com/pub/kristina-wetherbee/6/701/325", "job": "Owner/Operator", "score": 3, "image_url": "https://media.licdn.com/mpr/mpr/shrinknp_400_400/AAEAAQAAAAAAAAOIAAAAJGJlMTdjNzQ1LWJlYzYtNDUyNi04NGU1LWJiODAyMTJhMzg3Mg.jpg", "facebook": "http://www.facebook.com/kristie.wetherbee", "id": 7297737, "leadscore": 10}, {"name": "Michael Payne LEED-AP, AIBD, AIA-PA", "url": "https://www.linkedin.com/in/michaeldpayne", "company": "Empire Construction", "linkedin": "https://www.linkedin.com/in/michaeldpayne", "job": "Owner", "score": 3, "image_url": "https://media.licdn.com/mpr/mpr/shrinknp_400_400/p/4/005/0aa/0a0/218e304.jpg", "plus": "https://plus.google.com/104389200098617719446/about", "id": 40291336, "leadscore": 4}], "Liberty University": [{"name": "Miranda Meyer, M.A.", "url": "https://www.linkedin.com/pub/miranda-meyer-m-a/50/310/4b7", "company": "M.J. Smith and Associates", "linkedin": "https://www.linkedin.com/pub/miranda-meyer-m-a/50/310/4b7", "job": "Director of Marketing and Communications, Executive Assistant", "score": 2, "image_url": "https://media.licdn.com/mpr/mpr/shrinknp_400_400/AAEAAQAAAAAAAAY8AAAAJDI4NTUxY2I2LWZlZjEtNGY3ZS04NWRhLTMwNGYzMDJiNGM3YQ.jpg", "id": 40291297, "leadscore": 2}], "Fort Lewis College": [{"name": "Keith Kilbey", "url": "http://www.linkedin.com/pub/keith-kilbey/96/411/b58", "company": "First Investors", "linkedin": "http://www.linkedin.com/pub/keith-kilbey/96/411/b58", "job": "Registered Representative", "score": 2, "image_url": "https://media.licdn.com/mpr/mpr/shrinknp_400_400/p/4/005/0b2/363/0f32223.jpg", "id": 33612957, "leadscore": 2}], "Universidad de Sevilla": [{"name": "Alison Satriana", "pinterest": "http://pinterest.com/satriana/", "url": "https://www.linkedin.com/pub/alison-satriana/2b/832/727", "company": "M + M Inc.", "linkedin": "https://www.linkedin.com/pub/alison-satriana/2b/832/727", "job": "Account Executive", "score": 3, "image_url": "https://media.licdn.com/mpr/mpr/shrinknp_400_400/AAEAAQAAAAAAAAZKAAAAJGQ0OTM1MmQ1LTY2ZDQtNDhkZC1hY2E3LWViZjU5ZjdjYzRmZQ.jpg", "facebook": "http://www.facebook.com/people/_/502521254", "id": 40291324, "leadscore": 5}], "University of California, Los Angeles": [{"name": "Aldo DelPiccolo", "url": "http://www.linkedin.com/pub/aldo-delpiccolo/19/7a9/128", "company": "Dewhirst & Dolven, LLC - Attorneys at Law", "linkedin": "http://www.linkedin.com/pub/aldo-delpiccolo/19/7a9/128", "job": "Special Counsel", "score": 3, "image_url": "https://media.licdn.com/mpr/mpr/shrinknp_400_400/p/8/005/09a/17d/09760df.jpg", "id": 11105148, "leadscore": 5}, {"name": "Daniel Feiner", "url": "http://www.linkedin.com/pub/daniel-feiner/6/a6/35a", "company": "Feiner Enterprises", "linkedin": "http://www.linkedin.com/pub/daniel-feiner/6/a6/35a", "job": "President", "score": 1, "image_url": "https://myspace.com/common/images/user.png", "id": 2419619, "leadscore": 1}], "University of Colorado at Boulder - Leeds School of Business": [{"name": "Chelby Jackson", "twitter": "http://www.twitter.com/ChelbyJean", "pinterest": "http://pinterest.com/chelbyjean/", "url": "http://www.linkedin.com/pub/chelby-jackson/3b/315/82", "company": "Allegiance Home Health Care, Inc.", "linkedin": "http://www.linkedin.com/pub/chelby-jackson/3b/315/82", "job": "Senior Care Manager", "score": 3, "image_url": "https://media.licdn.com/mpr/mpr/shrinknp_400_400/p/7/005/08d/0ec/19910da.jpg", "facebook": "http://www.facebook.com/people/_/544641153", "id": 39438868, "leadscore": 8}, {"name": "Chelby Jackson", "twitter": "http://www.twitter.com/ChelbyJean", "pinterest": "http://pinterest.com/chelbyjean/", "url": "http://www.linkedin.com/pub/chelby-jackson/3b/315/82", "company": "Allegiance Home Health Care, Inc.", "linkedin": "http://www.linkedin.com/pub/chelby-jackson/3b/315/82", "job": "Senior Care Manager", "score": 3, "image_url": "https://media.licdn.com/mpr/mpr/shrinknp_400_400/p/7/005/08d/0ec/19910da.jpg", "facebook": "http://www.facebook.com/people/_/544641153", "id": 39438868, "leadscore": 8}, {"name": "Tyler McCann", "url": "http://www.linkedin.com/pub/tyler-mccann/30/711/585", "company": "MusclePharm, Corporation", "amazon": "http://www.amazon.com/wishlist/1P6S2FADQ2M2X", "linkedin": "http://www.linkedin.com/pub/tyler-mccann/30/711/585", "job": "Quality Assurance Manager", "score": 3, "image_url": "https://media.licdn.com/mpr/mpr/shrinknp_400_400/AAEAAQAAAAAAAAKUAAAAJDE4OWY2OWQ4LWQ0MzgtNDVjZi1iYTAxLTEwODRjOTAzODZlOQ.jpg", "facebook": "http://www.facebook.com/people/_/774706094", "id": 12240261, "leadscore": 6}, {"name": "Tyler McCann", "url": "http://www.linkedin.com/pub/tyler-mccann/30/711/585", "company": "MusclePharm, Corporation", "amazon": "http://www.amazon.com/wishlist/1P6S2FADQ2M2X", "linkedin": "http://www.linkedin.com/pub/tyler-mccann/30/711/585", "job": "Quality Assurance Manager", "score": 3, "image_url": "https://media.licdn.com/mpr/mpr/shrinknp_400_400/AAEAAQAAAAAAAAKUAAAAJDE4OWY2OWQ4LWQ0MzgtNDVjZi1iYTAxLTEwODRjOTAzODZlOQ.jpg", "facebook": "http://www.facebook.com/people/_/774706094", "id": 12240261, "leadscore": 6}, {"name": "RC Michael Coons", "url": "http://www.linkedin.com/pub/rc-michael-coons/67/a80/728", "company": "Rowan Financial Capital, LLC", "linkedin": "http://www.linkedin.com/pub/rc-michael-coons/67/a80/728", "job": "Futures Trader", "score": 3, "image_url": "https://media.licdn.com/mpr/mpr/shrinknp_400_400/p/5/000/2d0/0f7/0733944.jpg", "facebook": "http://www.facebook.com/people/_/1427499764", "id": 29793962, "leadscore": 5}, {"name": "Tom Biren, ChFC\u00ae", "url": "https://www.linkedin.com/in/tombiren", "company": "Eagle Strategies LLC", "linkedin": "https://www.linkedin.com/in/tombiren", "job": "Financial Adviser", "score": 3, "image_url": "https://myspace.com/common/images/user.png", "id": 40291334, "leadscore": 4}, {"name": "Garrett Gunberg", "url": "http://www.linkedin.com/pub/garrett-gunberg/13/356/89", "company": "Personal Capital Advisors", "linkedin": "http://www.linkedin.com/pub/garrett-gunberg/13/356/89", "job": "Senior Vice President and Team Leader", "score": 3, "image_url": "https://media.licdn.com/mpr/mpr/shrinknp_400_400/AAEAAQAAAAAAAAJGAAAAJDM1Mjc3ZDYyLWI4YzAtNDUwMi1hZDg4LTc3ZWM4Mzc5Mjg3ZQ.jpg", "plus": "https://plus.google.com/114478171698188835940/about", "id": 22982432, "leadscore": 4}, {"name": "Stephen Faulkner", "url": "https://www.linkedin.com/pub/stephen-faulkner/5a/568/144", "company": "Altivolus Capital", "linkedin": "https://www.linkedin.com/pub/stephen-faulkner/5a/568/144", "job": "Manager & Founder", "score": 1, "image_url": "https://media.licdn.com/mpr/mpr/shrinknp_400_400/AAEAAQAAAAAAAABoAAAAJDlmZDFlNmYwLTBlNWItNGNjMS1hMGZiLWU5ZmVhODc2Y2FiYQ.jpg", "id": 40291234, "leadscore": 1}, {"name": "Nicholas Dan", "url": "http://www.linkedin.com/pub/nicholas-dan/2a/915/a84", "company": "Booz Allen Hamilton", "linkedin": "http://www.linkedin.com/pub/nicholas-dan/2a/915/a84", "job": "Consultant", "score": 1, "image_url": "https://media.licdn.com/media/p/2/005/0aa/2f4/29c6e33.jpg", "id": 29574187, "leadscore": 1}, {"name": "Justin Mihalcin", "url": "http://www.linkedin.com/pub/justin-mihalcin/2a/350/95b", "company": "Bill Barrett Corporation", "linkedin": "http://www.linkedin.com/pub/justin-mihalcin/2a/350/95b", "job": "Operations Land Technician II - DJ Basin", "score": 1, "image_url": "https://media.licdn.com/media/p/3/000/10b/215/2fa1737.jpg", "id": 8692889, "leadscore": 0}], "University of Colorado at Denver": [{"name": "Kyle Petersen", "url": "http://www.linkedin.com/pub/kyle-petersen/21/800/858", "company": "TIAA-CREF", "linkedin": "http://www.linkedin.com/pub/kyle-petersen/21/800/858", "job": "Individual Advisory Services, Client Relationship Consultant", "score": 2, "image_url": "https://media.licdn.com/media/p/5/005/099/281/1ea8335.jpg", "id": 25782037, "leadscore": 3}, {"name": "Levi Bonnell, MPH", "url": "http://www.linkedin.com/pub/levi-bonnell-mph/59/777/249", "company": "Division of Ophthalmic Epidemiology", "linkedin": "http://www.linkedin.com/pub/levi-bonnell-mph/59/777/249", "job": "PRA", "score": 2, "image_url": "https://media.licdn.com/mpr/mpr/shrinknp_400_400/p/8/000/20a/374/1010190.jpg", "id": 21726108, "leadscore": 3}, {"name": "Scott Culhane", "url": "https://www.linkedin.com/pub/scott-culhane/88/55/a57", "company": "Heartland Business Credit, a wholly owned subsidiary of Heartland Bank (Mo.)", "linkedin": "https://www.linkedin.com/pub/scott-culhane/88/55/a57", "job": "Credit Manager", "score": 1, "image_url": "https://myspace.com/common/images/user.png", "id": 40291322, "leadscore": 1}], "Oregon State University": [{"name": "Casey Coons", "url": "https://www.facebook.com/casey.coons.3", "company": "University of North Dakota", "linkedin": "https://www.linkedin.com/pub/casey-coons/20/b6/866", "job": "Former Football Coach", "score": 1, "image_url": "https://fbcdn-profile-a.akamaihd.net/hprofile-ak-xfp1/v/t1.0-1/c86.25.309.309/969757_10201332090887220_1961254342_n.jpg?oh=6d762f0caadbbe8563bb495605ed9335&oe=56357953&__gda__=1447400262_b541f263513e91855503f0ec19c2c2db", "facebook": "https://www.facebook.com/casey.coons.3", "id": "casey.coons.3", "leadscore": 1}], "Loughborough University": [{"name": "Jared Harding", "url": "https://www.linkedin.com/in/jaredlharding", "company": "Kroenke Sports & Entertainment", "linkedin": "https://www.linkedin.com/in/jaredlharding", "job": "Director, Social & Digital", "score": 2, "image_url": "https://media.licdn.com/mpr/mpr/shrinknp_400_400/p/1/005/0b3/305/3c8aa9c.jpg", "id": 40291266, "leadscore": 2}], "Colorado State University": [{"name": "Justin Botelho", "url": "https://www.linkedin.com/in/justinbotelho", "company": "Accenture", "linkedin": "https://www.linkedin.com/in/justinbotelho", "job": "Infrastructure Consultant", "score": 3, "image_url": "https://media.licdn.com/mpr/mpr/shrinknp_400_400/p/6/005/042/30b/2935212.jpg", "facebook": "http://www.facebook.com/people/_/19225855", "id": 40291251, "leadscore": 11}, {"name": "Douglas Wills", "url": "https://www.linkedin.com/in/willsdouglas", "company": "High Point Financial Group, LLC", "linkedin": "https://www.linkedin.com/in/willsdouglas", "job": "Partner", "score": 3, "image_url": "https://media.licdn.com/mpr/mpr/shrinknp_400_400/p/3/000/10a/121/3531d83.jpg", "id": 40291265, "leadscore": 8}, {"name": "Eric Barnes", "url": "https://www.linkedin.com/pub/eric-barnes/b/134/59", "company": "Wagner Barnes PC", "linkedin": "https://www.linkedin.com/pub/eric-barnes/b/134/59", "job": "Partner/VP", "score": 3, "image_url": "https://media.licdn.com/mpr/mpr/shrinknp_400_400/p/4/000/171/087/08f3563.jpg", "id": 40291312, "leadscore": 6}, {"name": "Courtney Yarbrough", "pinterest": "http://pinterest.com/courtyarbrough/", "url": "http://www.linkedin.com/pub/courtney-yarbrough/32/618/2b9", "company": "ROOT SPORTS", "linkedin": "http://www.linkedin.com/pub/courtney-yarbrough/32/618/2b9", "job": "Senior National Sales Coordinator", "score": 3, "image_url": "https://media.licdn.com/mpr/mpr/shrinknp_400_400/AAEAAQAAAAAAAAKOAAAAJDk1YjA3MWUzLTZmZDctNDFhMy1hNTQ2LWVkMmRhZmM5YmRmNA.jpg", "id": 11533312, "leadscore": 5}, {"name": "Kevin Webber, CSCA", "url": "https://www.linkedin.com/pub/kevin-webber-csca/27/a7a/29", "company": "Nexus Corporation", "linkedin": "https://www.linkedin.com/pub/kevin-webber-csca/27/a7a/29", "job": "Project Manager/Purchasing Analyst", "score": 3, "image_url": "https://media.licdn.com/mpr/mpr/shrinknp_400_400/p/2/000/090/0c0/38dfb7c.jpg", "id": 40291333, "leadscore": 4}, {"name": "Kevin Webber, CSCA", "url": "https://www.linkedin.com/pub/kevin-webber-csca/27/a7a/29", "company": "Nexus Corporation", "linkedin": "https://www.linkedin.com/pub/kevin-webber-csca/27/a7a/29", "job": "Project Manager/Purchasing Analyst", "score": 3, "image_url": "https://media.licdn.com/mpr/mpr/shrinknp_400_400/p/2/000/090/0c0/38dfb7c.jpg", "id": 40291333, "leadscore": 4}, {"name": "Michael Payne LEED-AP, AIBD, AIA-PA", "url": "https://www.linkedin.com/in/michaeldpayne", "company": "Empire Construction", "linkedin": "https://www.linkedin.com/in/michaeldpayne", "job": "Owner", "score": 3, "image_url": "https://media.licdn.com/mpr/mpr/shrinknp_400_400/p/4/005/0aa/0a0/218e304.jpg", "plus": "https://plus.google.com/104389200098617719446/about", "id": 40291336, "leadscore": 4}, {"name": "Taffin Smith", "url": "http://www.linkedin.com/pub/taffin-smith/17/65b/446", "company": "DaVita", "linkedin": "http://www.linkedin.com/pub/taffin-smith/17/65b/446", "job": "Senior Recruiter", "score": 3, "image_url": "https://media.licdn.com/mpr/mpr/shrinknp_400_400/AAEAAQAAAAAAAAJzAAAAJDkyMmM3OWVmLTYzNmEtNGNhMy04NmJjLTBiNDQxMWU4ZGE5Mw.jpg", "id": 22526497, "leadscore": 4}, {"name": "Ryan Piefer Bohlim", "url": "https://www.facebook.com/ryan.p.bohlim", "company": "Environmental StoneWorks", "linkedin": "http://www.linkedin.com/pub/ryan-bohlim/43/765/8a9", "job": "Sales, Estimator", "score": 2, "image_url": "https://fbcdn-profile-a.akamaihd.net/hprofile-ak-xfp1/v/t1.0-1/p320x320/10984240_10154006891409307_5966714544909827447_n.jpg?oh=2e7836638234591d08d5d0767b32100c&oe=567DEFE4&__gda__=1446876531_3a5642e196da5d4400bbb152510999e0", "facebook": "https://www.facebook.com/ryan.p.bohlim", "id": "ryan.p.bohlim", "leadscore": 3}, {"name": "Jeff Petsche", "url": "https://www.facebook.com/jeff.petsche.5", "company": "Patrick Engineering", "linkedin": "http://www.linkedin.com/pub/jeff-petsche/3b/29b/2b3", "job": "Staff Engineer", "score": 2, "image_url": "https://fbcdn-profile-a.akamaihd.net/hprofile-ak-xpa1/v/t1.0-1/c54.0.320.320/p320x320/1526183_10152191317584808_1931469818_n.jpg?oh=e45023a6da4863ed5b2a399a65cee7a0&oe=563F9489&__gda__=1448204737_cfbd48d343e87fc4ddf404aa5ed2be64", "facebook": "https://www.facebook.com/jeff.petsche.5", "id": "jeff.petsche.5", "leadscore": 3}, {"name": "Nicole Wolf", "url": "https://www.linkedin.com/pub/nicole-wolf/20/519/636", "company": "Coldwell Banker Residential", "linkedin": "https://www.linkedin.com/pub/nicole-wolf/20/519/636", "job": "Associate Broker", "score": 2, "image_url": "https://media.licdn.com/mpr/mpr/shrinknp_400_400/AAEAAQAAAAAAAAMDAAAAJDIzNzE4ZmY2LWJkNjEtNGVlZS1hOTczLTMzNjIyODEwOWEyZA.jpg", "id": 40291290, "leadscore": 3}, {"name": "Greg Walsh", "url": "http://www.linkedin.com/pub/greg-walsh/10/8b7/145", "company": "None", "linkedin": "http://www.linkedin.com/pub/greg-walsh/10/8b7/145", "job": "None", "score": 2, "image_url": "https://myspace.com/common/images/user.png", "id": 40291541, "leadscore": 3}, {"name": "Brandon Ribble", "url": "http://www.linkedin.com/pub/brandon-ribble/2a/3bb/77a", "company": "Keller Williams Real Estate", "linkedin": "http://www.linkedin.com/pub/brandon-ribble/2a/3bb/77a", "job": "Realtor", "score": 2, "image_url": "https://media.licdn.com/mpr/mpr/shrinknp_400_400/p/5/005/04b/0bb/1432ff1.jpg", "id": 16164912, "leadscore": 3}, {"name": "Shane Elliot", "url": "http://www.linkedin.com/pub/shane-elliot/47/956/ba5", "company": "NorthStar Securities, LLC", "linkedin": "http://www.linkedin.com/pub/shane-elliot/47/956/ba5", "job": "Associate Regional Sales Consultant", "score": 2, "image_url": "https://media.licdn.com/mpr/mpr/shrinknp_400_400/AAEAAQAAAAAAAANnAAAAJGM1ZTliNjc4LWZkMWItNDZiMC05ODBmLTVjYzc1MjdkNDlkNg.jpg", "facebook": "http://www.facebook.com/people/_/679248018", "id": 30075934, "leadscore": 3}, {"degree": "Economics", "company": "Yardi Systems", "linkedin": "https://www.linkedin.com/pub/al-bohlim/37/3a7/24a", "job": "Database Programmer", "facebook": "https://www.facebook.com/al.bohlim", "id": "al.bohlim", "leadscore": 2, "name": "Al Bohlim", "url": "https://www.facebook.com/al.bohlim", "score": 2, "image_url": "https://fbcdn-profile-a.akamaihd.net/hprofile-ak-xft1/v/t1.0-1/p320x320/11742755_10153066866606733_6603599298284428517_n.jpg?oh=0fd8d591d905398f62d22259f0a06683&oe=5635F400&__gda__=1447146541_f9afc0405b46544cc507847dca06574a"}, {"name": "Brian Rankin", "url": "http://www.linkedin.com/pub/brian-rankin/48/1a3/a69", "company": "Saunders Construction", "linkedin": "http://www.linkedin.com/pub/brian-rankin/48/1a3/a69", "job": "Project Manager", "score": 2, "image_url": "https://media.licdn.com/media/p/4/000/13c/36b/3c691b6.jpg", "id": 18389980, "leadscore": 2}, {"name": "Jake Smith", "url": "https://www.linkedin.com/pub/jake-smith/62/298/1b3", "company": "BizCard Xpress", "linkedin": "https://www.linkedin.com/pub/jake-smith/62/298/1b3", "job": "Co Owner", "score": 2, "image_url": "https://media.licdn.com/media/AAEAAQAAAAAAAAH_AAAAJDdhNDFkYmE1LWQxZDAtNDdhZC04OTA1LWFiODI0MGFmZjcwNg.jpg", "id": 40291368, "leadscore": 2}, {"name": "Ashton White", "url": "http://www.linkedin.com/pub/ashton-white/76/15b/901", "company": "Coldwell Banker Residential Brokerage", "linkedin": "http://www.linkedin.com/pub/ashton-white/76/15b/901", "job": "Associate Broker", "score": 2, "image_url": "https://media.licdn.com/mpr/mpr/shrinknp_400_400/AAEAAQAAAAAAAAMfAAAAJDI0NjYxY2MwLTA0MmYtNDBhNS1hYzQzLTk3OGE5NmYwYWY1MQ.jpg", "id": 26531317, "leadscore": 2}, {"name": "Pete Rebstock", "url": "https://www.linkedin.com/pub/pete-rebstock/59/74b/2b", "company": "Concord Energy LLC", "linkedin": "https://www.linkedin.com/pub/pete-rebstock/59/74b/2b", "job": "Director of Producer Services", "score": 2, "image_url": "https://myspace.com/common/images/user.png", "id": 40291361, "leadscore": 2}, {"name": "Jared Yannacito", "url": "http://www.linkedin.com/pub/jared-yannacito/44/57a/b82", "company": "Jefferson County Public Schools", "linkedin": "http://www.linkedin.com/pub/jared-yannacito/44/57a/b82", "job": "English Teacher", "score": 2, "image_url": "https://media.licdn.com/mpr/mpr/shrinknp_400_400/p/3/000/11a/039/0b1cfe1.jpg", "id": 16671207, "leadscore": 2}, {"name": "Lisa Nutting", "url": "http://www.linkedin.com/pub/lisa-nutting/25/980/8b8", "company": "OtterBox", "linkedin": "http://www.linkedin.com/pub/lisa-nutting/25/980/8b8", "job": "Assistant Channel Marketing Manager", "score": 2, "image_url": "https://media.licdn.com/media/p/1/000/0ea/3ce/1b41ccf.jpg", "id": 3977319, "leadscore": 2}, {"name": "Samantha Cook", "url": "https://www.linkedin.com/pub/samantha-cook/40/7a7/b41", "company": "Panorama Orthopedics & Spine Center", "linkedin": "https://www.linkedin.com/pub/samantha-cook/40/7a7/b41", "job": "Marketing Coordinator", "score": 1, "image_url": "https://media.licdn.com/media/p/7/000/2c8/059/0be75b3.jpg", "id": 40291232, "leadscore": 1}, {"name": "Chad Campbell", "url": "https://www.linkedin.com/pub/chad-campbell/56/490/1a9", "company": "Lone Star Steakhouse / Texas Land & Cattle", "linkedin": "https://www.linkedin.com/pub/chad-campbell/56/490/1a9", "job": "Server", "score": 1, "image_url": "https://myspace.com/common/images/user.png", "id": 40291252, "leadscore": 1}, {"name": "Rhianne DeAndrea", "url": "https://www.linkedin.com/pub/rhianne-deandrea/92/29a/410", "company": "Jeffco Public Schools - Colorado", "linkedin": "https://www.linkedin.com/pub/rhianne-deandrea/92/29a/410", "job": "High School Social Studies Teacher", "score": 1, "image_url": "https://media.licdn.com/mpr/mpr/shrinknp_400_400/AAEAAQAAAAAAAAL5AAAAJGZjZWU1MDI4LTUxNTgtNGNlNS1hODg4LTk4ODMzMTFjNmZhNA.jpg", "id": 40291226, "leadscore": 1}, {"name": "Christopher Polk, MS", "url": "https://www.linkedin.com/pub/christopher-polk-ms/70/841/b58", "company": "IMA Financial Group, Inc.", "linkedin": "https://www.linkedin.com/pub/christopher-polk-ms/70/841/b58", "job": "Contract Account Representative", "score": 1, "image_url": "https://media.licdn.com/mpr/mpr/shrinknp_400_400/AAEAAQAAAAAAAALZAAAAJGY4OWFiODJlLTUzMDQtNGRlNy04OGYwLTI4ZWUwYzc5YzViZQ.jpg", "id": 40291295, "leadscore": 1}, {"name": "Christopher Polk, MS", "url": "https://www.linkedin.com/pub/christopher-polk-ms/70/841/b58", "company": "IMA Financial Group, Inc.", "linkedin": "https://www.linkedin.com/pub/christopher-polk-ms/70/841/b58", "job": "Contract Account Representative", "score": 1, "image_url": "https://media.licdn.com/mpr/mpr/shrinknp_400_400/AAEAAQAAAAAAAALZAAAAJGY4OWFiODJlLTUzMDQtNGRlNy04OGYwLTI4ZWUwYzc5YzViZQ.jpg", "id": 40291295, "leadscore": 1}, {"name": "Dayton Knutson", "url": "http://www.linkedin.com/pub/dayton-knutson/69/587/3a6", "company": "International Student Volunteers", "linkedin": "http://www.linkedin.com/pub/dayton-knutson/69/587/3a6", "job": "Volunteer", "score": 1, "image_url": "https://media.licdn.com/mpr/mpr/shrinknp_400_400/p/5/005/00e/2b6/22f74c8.jpg", "id": 16979721, "leadscore": 1}, {"name": "Chase Campbell", "url": "http://www.linkedin.com/pub/chase-campbell/6/634/a05", "company": "Mile High spirits llc", "linkedin": "http://www.linkedin.com/pub/chase-campbell/6/634/a05", "job": "Managing Member", "score": 1, "image_url": "https://media.licdn.com/mpr/mpr/shrinknp_400_400/p/8/005/0b5/173/0a100dd.jpg", "id": 15580240, "leadscore": 1}, {"name": "Brianna (Bri) Donahue", "url": "http://www.linkedin.com/pub/brianna-bri-donahue/4b/477/807", "company": "Integra", "linkedin": "http://www.linkedin.com/pub/brianna-bri-donahue/4b/477/807", "job": "Human Resources/Executive Assistant", "score": 1, "image_url": "https://media.licdn.com/mpr/mpr/shrinknp_400_400/p/4/005/0b6/3d9/373457c.jpg", "id": 3689064, "leadscore": 1}, {"name": "Sean Benallo", "url": "http://www.linkedin.com/pub/sean-benallo/49/909/a62", "company": "Total Quality Logistics", "linkedin": "http://www.linkedin.com/pub/sean-benallo/49/909/a62", "job": "Logistics Account Executive", "score": 1, "image_url": "https://media.licdn.com/media/AAEAAQAAAAAAAAK3AAAAJGIzYzAzZDFmLWRhMDItNGFmZC1hZGJiLTRhYjUwZTFkYjM3ZQ.jpg", "id": 216094, "leadscore": 1}, {"name": "Ryan Bohlim", "url": "https://www.linkedin.com/pub/ryan-bohlim/66/839/734", "company": "Environmental Stoneworks", "linkedin": "https://www.linkedin.com/pub/ryan-bohlim/66/839/734", "job": "ClipStone Sales Coordinator", "score": 1, "image_url": "https://media.licdn.com/mpr/mpr/shrinknp_400_400/AAEAAQAAAAAAAAOYAAAAJGUxNjc3MDBmLWZjNzEtNGQxMy05YjRhLTE3MjI5YWMyZDUxNg.jpg", "id": 40291308, "leadscore": 0}, {"name": "Matt McDougal", "url": "https://www.linkedin.com/pub/matt-mcdougal/31/130/1a6", "company": "Jefferson County Schools", "linkedin": "https://www.linkedin.com/pub/matt-mcdougal/31/130/1a6", "job": "Teacher", "score": 1, "image_url": "https://myspace.com/common/images/user.png", "id": 40291257, "leadscore": 0}], "Wittenberg University": [{"name": "Jared Harding", "url": "https://www.linkedin.com/in/jaredlharding", "company": "Kroenke Sports & Entertainment", "linkedin": "https://www.linkedin.com/in/jaredlharding", "job": "Director, Social & Digital", "score": 2, "image_url": "https://media.licdn.com/mpr/mpr/shrinknp_400_400/p/1/005/0b3/305/3c8aa9c.jpg", "id": 40291266, "leadscore": 2}], "University of Oregon": [{"name": "Alison Satriana", "pinterest": "http://pinterest.com/satriana/", "url": "https://www.linkedin.com/pub/alison-satriana/2b/832/727", "company": "M + M Inc.", "linkedin": "https://www.linkedin.com/pub/alison-satriana/2b/832/727", "job": "Account Executive", "score": 3, "image_url": "https://media.licdn.com/mpr/mpr/shrinknp_400_400/AAEAAQAAAAAAAAZKAAAAJGQ0OTM1MmQ1LTY2ZDQtNDhkZC1hY2E3LWViZjU5ZjdjYzRmZQ.jpg", "facebook": "http://www.facebook.com/people/_/502521254", "id": 40291324, "leadscore": 5}], "The University of New Mexico": [{"school": "The University of New Mexico", "name": "Jay Latchison", "twitter": "http://www.twitter.com/SimplyJaymar", "url": "http://www.linkedin.com/pub/jay-latchison/31/966/a30", "company": "Connect Wireless", "linkedin": "http://www.linkedin.com/pub/jay-latchison/31/966/a30", "job": "Retail Sales Consultant", "score": 3, "image_url": "https://media.licdn.com/mpr/mpr/shrinknp_400_400/AAEAAQAAAAAAAAKeAAAAJDhkZDY2MmY0LThlZTQtNDgzYi1iYjYxLWFjYmQ0MDU0MGFjOA.jpg", "facebook": "http://www.facebook.com/people/_/728187455", "id": 6913048, "leadscore": 5}, {"school": "The University of New Mexico", "name": "Nadia Adnan", "url": "http://www.linkedin.com/pub/nadia-adnan/12/303/48", "company": "Savant Learning Systems Inc.", "linkedin": "http://www.linkedin.com/pub/nadia-adnan/12/303/48", "job": "Project Management | Marketing", "score": 3, "image_url": "https://media.licdn.com/mpr/mpr/shrinknp_400_400/AAEAAQAAAAAAAAMHAAAAJDhjMDgwOWQ5LWIwMTItNDRmMi1hOTI4LTdhNTg5ZjIwMGZmYQ.jpg", "plus": "https://plus.google.com/115281296019557094132/about", "id": 17989489, "leadscore": 4}, {"school": "The University of New Mexico", "name": "Jennifer Pedraza", "url": "http://www.linkedin.com/pub/jennifer-pedraza/25/763/419", "company": "IBM", "linkedin": "http://www.linkedin.com/pub/jennifer-pedraza/25/763/419", "job": "Senior Change Management Consultant", "score": 3, "image_url": "https://media.licdn.com/mpr/mpr/shrinknp_400_400/p/3/000/0ee/030/398ab90.jpg", "id": 28226870, "leadscore": 4}, {"facebook": "https://www.facebook.com/cameron.smith.9275", "school": "The University of New Mexico", "name": "Cameron Smith", "url": "https://www.facebook.com/cameron.smith.9275", "company": "Self Employed", "linkedin": "https://www.linkedin.com/pub/cameron-smith/33/937/a7a", "job": "Real Estate Appraiser", "score": 2, "image_url": "https://fbcdn-profile-a.akamaihd.net/hprofile-ak-xpf1/v/t1.0-1/p320x320/10492480_10152121277482617_8683937263627886917_n.jpg?oh=a5b8466847abaa83d25ceb47b2541cd4&oe=5650A013&__gda__=1451477099_6179a129d06a1b713c07b7f705541a21", "plus": "https://plus.google.com/115895033389574246331/about", "id": "cameron.smith.9275", "leadscore": 3}, {"school": "The University of New Mexico", "name": "Greyson Wieczorek", "url": "http://www.linkedin.com/pub/greyson-wieczorek/66/461/a71", "company": "Wellbridge", "linkedin": "http://www.linkedin.com/pub/greyson-wieczorek/66/461/a71", "job": "Membership Representative", "score": 2, "image_url": "https://media.licdn.com/mpr/mpr/shrinknp_400_400/p/1/000/227/197/085e4e3.jpg", "id": 10073483, "leadscore": 3}, {"school": "The University of New Mexico", "name": "Gary Beresford", "url": "http://www.linkedin.com/pub/gary-beresford/2b/baa/762", "company": "Currently looking", "linkedin": "http://www.linkedin.com/pub/gary-beresford/2b/baa/762", "job": "Unemployed", "score": 2, "image_url": "https://media.licdn.com/mpr/mpr/shrinknp_400_400/p/4/000/1b8/2d9/09d1df8.jpg", "facebook": "http://www.facebook.com/people/_/11613601", "id": 20684886, "leadscore": 3}, {"school": "The University of New Mexico", "name": "Manoluck Souraphol", "url": "http://www.linkedin.com/pub/manoluck-souraphol/4b/b65/107", "company": "Frontier Airlines", "linkedin": "http://www.linkedin.com/pub/manoluck-souraphol/4b/b65/107", "job": "Flight Attendant", "score": 2, "image_url": "https://media.licdn.com/mpr/mpr/shrinknp_400_400/AAEAAQAAAAAAAADcAAAAJGMyOTc1MDljLWJiOGEtNDFiNi05ZGU5LTdhNDJjNjA2OTRkMw.jpg", "plus": "https://plus.google.com/113956062078637953503/about", "id": 9984497, "leadscore": 3}, {"school": "The University of New Mexico", "name": "Jessica (Quador) Gillman", "url": "https://www.linkedin.com/pub/jessica-quador-gillman/30/468/6b9", "company": "24 Hour Fitness", "linkedin": "https://www.linkedin.com/pub/jessica-quador-gillman/30/468/6b9", "job": "Club Manager", "score": 2, "image_url": "https://media.licdn.com/media/p/2/000/0ad/375/03a0253.jpg", "id": 40291335, "leadscore": 3}, {"school": "The University of New Mexico", "name": "John Sullivan", "url": "https://www.linkedin.com/pub/john-sullivan/b2/ab1/768", "company": "Mountain West Conference", "linkedin": "https://www.linkedin.com/pub/john-sullivan/b2/ab1/768", "job": "Assistant Director of Operations", "score": 2, "image_url": "https://media.licdn.com/mpr/mpr/shrinknp_400_400/p/8/005/0b7/2a3/10b8556.jpg", "id": 40291267, "leadscore": 2}, {"school": "The University of New Mexico", "name": "Katie Ashcraft", "url": "http://www.linkedin.com/pub/katie-ashcraft/65/9a4/880", "company": "SEPHORA", "linkedin": "http://www.linkedin.com/pub/katie-ashcraft/65/9a4/880", "job": "Senior Artist", "score": 2, "image_url": "https://media.licdn.com/mpr/mpr/shrinknp_400_400/p/1/000/24f/348/1f44354.jpg", "id": 33626360, "leadscore": 2}, {"degree": "Business Marketing", "company": "Muscle Pharm and New Mexico Lobos", "linkedin": "https://www.linkedin.com/pub/luke-campbell/50/486/763", "job": "Works", "facebook": "https://www.facebook.com/luke.campbell.5815", "id": "luke.campbell.5815", "leadscore": 1, "school": "University of New Mexico", "name": "Luke Campbell", "url": "https://www.facebook.com/luke.campbell.5815", "score": 1, "image_url": "https://fbcdn-profile-a.akamaihd.net/hprofile-ak-xpf1/v/t1.0-1/p320x320/10891472_10154966125620497_5987333940300718730_n.jpg?oh=d923f363e236dd805e7a7537932a4eef&oe=563E7F0D&__gda__=1447787125_a7953dc3625b14f6e1b66be7052e5c3c"}, {"school": "The University of New Mexico", "name": "Palmi Moller", "url": "https://www.linkedin.com/in/palmimoller", "company": "Personal Capital", "linkedin": "https://www.linkedin.com/in/palmimoller", "job": "Vice President - Financial Advisor", "score": 1, "image_url": "https://media.licdn.com/mpr/mpr/shrinknp_400_400/AAEAAQAAAAAAAAKoAAAAJDRjZjA5ZmQ0LTJiOTAtNDNmZi04ZGZjLWZhMGFiMTJjOTlkMw.jpg", "id": 40291351, "leadscore": 0}], "Metropolitan State College of Denver": [{"name": "Alina Frikken", "url": "https://www.linkedin.com/pub/alina-frikken/75/10/926", "company": "ECI Site Construction Management, Inc.", "linkedin": "https://www.linkedin.com/pub/alina-frikken/75/10/926", "job": "Business Developer/ Project Support", "score": 2, "image_url": "https://media.licdn.com/mpr/mpr/shrinknp_400_400/p/1/005/09d/01e/0368b3d.jpg", "id": 40291338, "leadscore": 3}, {"name": "Danny Thyfault", "twitter": "http://twitter.com/thyfault925", "url": "https://www.linkedin.com/pub/danny-thyfault/8/ab2/418", "company": "Charles Schwab", "linkedin": "https://www.linkedin.com/pub/danny-thyfault/8/ab2/418", "job": "Associate Financial Representative", "score": 2, "image_url": "https://media.licdn.com/mpr/mpr/shrinknp_400_400/p/1/000/110/25b/2aabafb.jpg", "facebook": "http://www.facebook.com/people/_/72202584", "id": 40291331, "leadscore": 3}, {"name": "Payton McLachlan", "url": "https://www.linkedin.com/pub/payton-mclachlan/85/ba1/a2b", "company": "KeyBank", "linkedin": "https://www.linkedin.com/pub/payton-mclachlan/85/ba1/a2b", "job": "Relationship Manager", "score": 2, "image_url": "https://media.licdn.com/mpr/mpr/shrinknp_400_400/AAEAAQAAAAAAAAO8AAAAJDMwNmI3NWRjLTA3NDktNGViYi1iMmE1LTIxZTQxOGEwZDNmYQ.jpg", "id": 40291348, "leadscore": 2}, {"name": "Dwight Houser", "url": "https://www.linkedin.com/pub/dwight-houser/96/420/121", "company": "FlipBelt", "linkedin": "https://www.linkedin.com/pub/dwight-houser/96/420/121", "job": "Marketing", "score": 2, "image_url": "https://media.licdn.com/mpr/mpr/shrinknp_400_400/p/5/005/05a/3c2/3515c25.jpg", "id": 40291300, "leadscore": 2}, {"name": "Miranda Meyer, M.A.", "url": "https://www.linkedin.com/pub/miranda-meyer-m-a/50/310/4b7", "company": "M.J. Smith and Associates", "linkedin": "https://www.linkedin.com/pub/miranda-meyer-m-a/50/310/4b7", "job": "Director of Marketing and Communications, Executive Assistant", "score": 2, "image_url": "https://media.licdn.com/mpr/mpr/shrinknp_400_400/AAEAAQAAAAAAAAY8AAAAJDI4NTUxY2I2LWZlZjEtNGY3ZS04NWRhLTMwNGYzMDJiNGM3YQ.jpg", "id": 40291297, "leadscore": 2}, {"name": "Keith Kilbey", "url": "http://www.linkedin.com/pub/keith-kilbey/96/411/b58", "company": "First Investors", "linkedin": "http://www.linkedin.com/pub/keith-kilbey/96/411/b58", "job": "Registered Representative", "score": 2, "image_url": "https://media.licdn.com/mpr/mpr/shrinknp_400_400/p/4/005/0b2/363/0f32223.jpg", "id": 33612957, "leadscore": 2}, {"name": "Jeff Shaffroth", "url": "https://www.linkedin.com/pub/jeff-shaffroth/91/502/ba3", "company": "Never Summer Ind., Inc.", "linkedin": "https://www.linkedin.com/pub/jeff-shaffroth/91/502/ba3", "job": "Purchasing Manager", "score": 2, "image_url": "https://media.licdn.com/mpr/mpr/shrinknp_400_400/p/8/005/0b7/10b/33bd019.jpg", "id": 40291332, "leadscore": 2}, {"name": "Brittany DiGiallonardo", "url": "https://www.facebook.com/brittany.digiallonardo", "company": "National CineMedia - NCM", "linkedin": "https://www.linkedin.com/pub/brittany-digiallonardo/80/735/15", "job": "Reginal Sales Associate", "score": 1, "image_url": "https://fbcdn-profile-a.akamaihd.net/hprofile-ak-xfp1/v/t1.0-1/p320x320/11149359_10155485031145604_4346526351358266325_n.jpg?oh=fab1d3f3430f3561792c8c6dfa698327&oe=56811955&__gda__=1447058626_1c866f8ce2fa66119822bc59ebe172aa", "facebook": "https://www.facebook.com/brittany.digiallonardo", "id": "brittany.digiallonardo", "leadscore": 1}, {"name": "Zac Cridlebaugh", "url": "https://www.linkedin.com/pub/zac-cridlebaugh/b1/a16/42a", "company": "Polycom", "linkedin": "https://www.linkedin.com/pub/zac-cridlebaugh/b1/a16/42a", "job": "Renewal Sales Specialist", "score": 1, "image_url": "https://media.licdn.com/mpr/mpr/shrinknp_400_400/p/6/005/0b3/0b2/28f395e.jpg", "id": 40291374, "leadscore": 1}, {"name": "Brian Culhane", "url": "https://www.linkedin.com/pub/brian-culhane/73/625/370", "company": "Adams 12 County School District", "linkedin": "https://www.linkedin.com/pub/brian-culhane/73/625/370", "job": "Special Education Teacher", "score": 1, "image_url": "https://media.licdn.com/mpr/mpr/shrinknp_400_400/p/6/005/031/184/3e15e0c.jpg", "id": 40291347, "leadscore": 1}, {"name": "Chase Campbell", "url": "http://www.linkedin.com/pub/chase-campbell/6/634/a05", "company": "Mile High spirits llc", "linkedin": "http://www.linkedin.com/pub/chase-campbell/6/634/a05", "job": "Managing Member", "score": 1, "image_url": "https://media.licdn.com/mpr/mpr/shrinknp_400_400/p/8/005/0b5/173/0a100dd.jpg", "id": 15580240, "leadscore": 1}, {"name": "Heather Crow", "url": "http://www.linkedin.com/pub/heather-crow/80/2a/121", "company": "Craftsy", "linkedin": "http://www.linkedin.com/pub/heather-crow/80/2a/121", "job": "Customer Support Associate", "score": 1, "image_url": "https://media.licdn.com/media/AAEAAQAAAAAAAAJpAAAAJDIxMjU3MjEyLWU0MjItNDM3NS04Mzc0LWQ5NWIyNjhkNDdkOQ.jpg", "id": 32720757, "leadscore": 1}, {"name": "Jeanelle Valdez", "url": "https://www.linkedin.com/pub/jeanelle-valdez/31/887/911", "company": "Capital Works Mortgage", "linkedin": "https://www.linkedin.com/pub/jeanelle-valdez/31/887/911", "job": "Office Manager", "score": 1, "image_url": "https://media.licdn.com/mpr/mpr/shrinknp_400_400/p/5/005/04f/28c/2e4d6b0.jpg", "id": 40291268, "leadscore": 1}, {"name": "Jeffery Gorski", "url": "https://www.linkedin.com/pub/jeffery-gorski/aa/428/a35", "company": "(NATEX) Urban Mining Resources", "linkedin": "https://www.linkedin.com/pub/jeffery-gorski/aa/428/a35", "job": "Shipping and Inventory Manager/ Sales Representative", "score": 1, "image_url": "https://media.licdn.com/media/p/8/005/0a2/330/214d888.jpg", "id": 40291352, "leadscore": 1}], "Arizona State University": [{"name": "Trent Taylor", "url": "https://www.linkedin.com/pub/trent-taylor/20/133/667", "company": "Outrigger Energy LLC", "amazon": "http://www.amazon.com/wishlist/1LG48IZAGB4ZF", "linkedin": "https://www.linkedin.com/pub/trent-taylor/20/133/667", "job": "Director of Land", "score": 3, "image_url": "https://media.licdn.com/mpr/mpr/shrinknp_400_400/p/1/000/0e2/269/38a9049.jpg", "id": 40291261, "leadscore": 11}, {"name": "Cory Zachman", "url": "https://www.linkedin.com/pub/cory-zachman/8/414/a78", "company": "Comcast VIPER", "linkedin": "https://www.linkedin.com/pub/cory-zachman/8/414/a78", "job": "Software Engineer", "score": 2, "image_url": "https://media.licdn.com/media/p/3/000/05c/2f4/132e104.jpg", "id": 40291293, "leadscore": 3}, {"name": "Kevin Fahey", "url": "https://www.linkedin.com/pub/kevin-fahey/94/481/507", "company": "VersaFreight", "linkedin": "https://www.linkedin.com/pub/kevin-fahey/94/481/507", "job": "President", "score": 2, "image_url": "https://media.licdn.com/media/p/7/005/052/239/22068a3.jpg", "id": 40291325, "leadscore": 2}, {"name": "Marisa Ruiz", "url": "http://www.linkedin.com/pub/marisa-ruiz/95/596/4a1", "company": "Littleton High School, Littleton, MA", "linkedin": "http://www.linkedin.com/pub/marisa-ruiz/95/596/4a1", "job": "Head Cheer Coach", "score": 1, "image_url": "https://media.licdn.com/mpr/mpr/shrinknp_400_400/p/6/005/060/061/2e6f84d.jpg", "id": 7354105, "leadscore": 1}], "Community College of Denver": [{"name": "Richard Brown", "url": "https://www.linkedin.com/pub/richard-brown/b6/457/b73", "company": "The Keg Steakhouse + Bar", "linkedin": "https://www.linkedin.com/pub/richard-brown/b6/457/b73", "job": "Dining Room Manager", "score": 1, "image_url": "https://media.licdn.com/mpr/mpr/shrinknp_400_400/AAEAAQAAAAAAAALiAAAAJGY5M2ViMDQwLWZhNzYtNGJlNC04ZmQ5LWIwNjg0ZTNmNTAxYg.jpg", "id": 40291230, "leadscore": 1}], "University of Nebraska at Kearney": [{"name": "Derek Rowe", "url": "http://www.linkedin.com/pub/derek-rowe/20/609/22a", "company": "MusclePharm, Corporation", "linkedin": "http://www.linkedin.com/pub/derek-rowe/20/609/22a", "job": "Inside Sales Representative/Account Manager", "score": 2, "image_url": "https://media.licdn.com/mpr/mpr/shrinknp_400_400/p/8/005/09d/273/32376a9.jpg", "id": 7279970, "leadscore": 3}, {"name": "Chad Rodriguez", "url": "https://www.facebook.com/BananaHamock", "company": "Graybar", "linkedin": "http://www.linkedin.com/pub/chad-rodriguez/56/987/742", "job": "Senior Outside Sales Representative", "score": 2, "image_url": "https://fbcdn-profile-a.akamaihd.net/hprofile-ak-xpt1/v/t1.0-1/p320x320/10430370_10100281518906419_1746413248018234620_n.jpg?oh=655c425d907965bb15bfbd9539a3e2a6&oe=563BEAC4&__gda__=1447263560_7501d4b06ec3706e1d16c468d6848f3d", "facebook": "https://www.facebook.com/BananaHamock", "id": "BananaHamock", "leadscore": 2}], "University of Nebraska at Omaha": [{"name": "Payton McLachlan", "url": "https://www.linkedin.com/pub/payton-mclachlan/85/ba1/a2b", "company": "KeyBank", "linkedin": "https://www.linkedin.com/pub/payton-mclachlan/85/ba1/a2b", "job": "Relationship Manager", "score": 2, "image_url": "https://media.licdn.com/mpr/mpr/shrinknp_400_400/AAEAAQAAAAAAAAO8AAAAJDMwNmI3NWRjLTA3NDktNGViYi1iMmE1LTIxZTQxOGEwZDNmYQ.jpg", "id": 40291348, "leadscore": 2}], "The University of New Mexico - Robert O. Anderson School of Management": [{"school": "The University of New Mexico", "name": "Nadia Adnan", "url": "http://www.linkedin.com/pub/nadia-adnan/12/303/48", "company": "Savant Learning Systems Inc.", "linkedin": "http://www.linkedin.com/pub/nadia-adnan/12/303/48", "job": "Project Management | Marketing", "score": 3, "image_url": "https://media.licdn.com/mpr/mpr/shrinknp_400_400/AAEAAQAAAAAAAAMHAAAAJDhjMDgwOWQ5LWIwMTItNDRmMi1hOTI4LTdhNTg5ZjIwMGZmYQ.jpg", "plus": "https://plus.google.com/115281296019557094132/about", "id": 17989489, "leadscore": 4}, {"school": "The University of New Mexico - Robert O. Anderson School of Management", "name": "Stephen Park", "url": "https://www.facebook.com/stephen.park2", "company": "Davis Advisory Group LLC", "linkedin": "http://www.linkedin.com/pub/stephen-park/28/219/157", "job": "Former Associate", "score": 2, "image_url": "https://fbcdn-profile-a.akamaihd.net/hprofile-ak-prn2/v/t1.0-1/c83.40.502.502/s320x320/1013893_10151712839199859_1319726960_n.jpg?oh=f0b67c7e4fa83dc02f8103e6d5c22ad2&oe=567EBF4E&__gda__=1446779829_ced663c62225cb449d66ed24c54f7a74", "facebook": "https://www.facebook.com/stephen.park2", "id": "stephen.park2", "leadscore": 3}, {"school": "The University of New Mexico - Robert O. Anderson School of Management", "name": "Stephen Park", "url": "https://www.facebook.com/stephen.park2", "company": "Davis Advisory Group LLC", "linkedin": "http://www.linkedin.com/pub/stephen-park/28/219/157", "job": "Former Associate", "score": 2, "image_url": "https://fbcdn-profile-a.akamaihd.net/hprofile-ak-prn2/v/t1.0-1/c83.40.502.502/s320x320/1013893_10151712839199859_1319726960_n.jpg?oh=f0b67c7e4fa83dc02f8103e6d5c22ad2&oe=567EBF4E&__gda__=1446779829_ced663c62225cb449d66ed24c54f7a74", "facebook": "https://www.facebook.com/stephen.park2", "id": "stephen.park2", "leadscore": 3}, {"school": "The University of New Mexico", "name": "Gary Beresford", "url": "http://www.linkedin.com/pub/gary-beresford/2b/baa/762", "company": "Currently looking", "linkedin": "http://www.linkedin.com/pub/gary-beresford/2b/baa/762", "job": "Unemployed", "score": 2, "image_url": "https://media.licdn.com/mpr/mpr/shrinknp_400_400/p/4/000/1b8/2d9/09d1df8.jpg", "facebook": "http://www.facebook.com/people/_/11613601", "id": 20684886, "leadscore": 3}, {"school": "The University of New Mexico", "name": "Katie Ashcraft", "url": "http://www.linkedin.com/pub/katie-ashcraft/65/9a4/880", "company": "SEPHORA", "linkedin": "http://www.linkedin.com/pub/katie-ashcraft/65/9a4/880", "job": "Senior Artist", "score": 2, "image_url": "https://media.licdn.com/mpr/mpr/shrinknp_400_400/p/1/000/24f/348/1f44354.jpg", "id": 33626360, "leadscore": 2}], "Harvard University": [{"name": "Erica S. Easter", "url": "https://www.linkedin.com/in/ericaeaster", "company": "Easter-Owens Electric Co", "linkedin": "https://www.linkedin.com/in/ericaeaster", "job": "Vice President", "score": 2, "image_url": "https://myspace.com/common/images/user.png", "plus": "https://plus.google.com/107629974582626422174/about", "id": 40291329, "leadscore": 2}], "Florida State University": [{"name": "Catherine Vitale Benoit", "pinterest": "http://www.pinterest.com/cvbenoit/", "url": "https://www.facebook.com/cvbenoit", "company": "The Cats Meow Creative", "linkedin": "http://www.linkedin.com/pub/catherine-vitale-benoit/6/71a/86b", "job": "Owner - Creative Director", "score": 3, "image_url": "https://fbcdn-profile-a.akamaihd.net/hprofile-ak-xpa1/v/t1.0-1/c0.0.320.320/p320x320/10458022_10203440011493536_8175367271929602729_n.jpg?oh=cef13d79d459b86e340ee317a35d01a7&oe=56845523&__gda__=1447256545_97f309c2238d145bbd6c068341945084", "facebook": "https://www.facebook.com/cvbenoit", "id": "cvbenoit", "leadscore": 17}], "The George Washington University": [{"name": "Randall Kirmse", "url": "http://www.linkedin.com/pub/randall-kirmse/18/764/40a", "company": "Allen & Kirmse, Ltd.", "linkedin": "http://www.linkedin.com/pub/randall-kirmse/18/764/40a", "job": "Vice President", "score": 1, "image_url": "https://myspace.com/common/images/user.png", "id": 37632388, "leadscore": 1}], "University of Wisconsin-Madison": [{"name": "Jennifer Blum", "url": "https://www.linkedin.com/in/jenniferlblum", "company": "Akers & Associates LLC", "amazon": "http://www.amazon.com/wishlist/12YI9KT6ORO1I", "linkedin": "https://www.linkedin.com/in/jenniferlblum", "job": "Of Counsel", "score": 3, "image_url": "https://media.licdn.com/mpr/mpr/shrinknp_400_400/p/1/000/188/262/008a50a.jpg", "facebook": "http://www.facebook.com/people/_/608300779", "id": 40291318, "leadscore": 11}], "Maurice A. Deane School of Law at Hofstra University": [{"facebook": "https://www.facebook.com/michael.a.brill.3", "name": "Michael A. Brill", "url": "https://www.facebook.com/michael.a.brill.3", "company": "Brill, LLC", "linkedin": "http://www.linkedin.com/pub/michael-brill/13/85b/849", "job": "Attorney and Landman Services", "score": 3, "image_url": "https://fbcdn-profile-a.akamaihd.net/hprofile-ak-xft1/v/t1.0-1/c0.3.200.200/1972367_10203376973613807_647008086_n.jpg?oh=dada3c5dce2ca939ae797b8ebf438be2&oe=56478B91&__gda__=1451275895_f660775265344f46d508568d845ca2f4", "plus": "https://plus.google.com/106354378504557739063/about", "id": "michael.a.brill.3", "leadscore": 6}], "University of Phoenix": [{"name": "Jared Yannacito", "url": "http://www.linkedin.com/pub/jared-yannacito/44/57a/b82", "company": "Jefferson County Public Schools", "linkedin": "http://www.linkedin.com/pub/jared-yannacito/44/57a/b82", "job": "English Teacher", "score": 2, "image_url": "https://media.licdn.com/mpr/mpr/shrinknp_400_400/p/3/000/11a/039/0b1cfe1.jpg", "id": 16671207, "leadscore": 2}, {"name": "Brian Culhane", "url": "https://www.linkedin.com/pub/brian-culhane/73/625/370", "company": "Adams 12 County School District", "linkedin": "https://www.linkedin.com/pub/brian-culhane/73/625/370", "job": "Special Education Teacher", "score": 1, "image_url": "https://media.licdn.com/mpr/mpr/shrinknp_400_400/p/6/005/031/184/3e15e0c.jpg", "id": 40291347, "leadscore": 1}, {"name": "Brian Culhane", "url": "https://www.linkedin.com/pub/brian-culhane/73/625/370", "company": "Adams 12 County School District", "linkedin": "https://www.linkedin.com/pub/brian-culhane/73/625/370", "job": "Special Education Teacher", "score": 1, "image_url": "https://media.licdn.com/mpr/mpr/shrinknp_400_400/p/6/005/031/184/3e15e0c.jpg", "id": 40291347, "leadscore": 1}], "The University of Montana": [{"name": "Dave Seery", "url": "http://www.linkedin.com/pub/dave-seery/18/776/83a", "company": "Equity Oil Company", "linkedin": "http://www.linkedin.com/pub/dave-seery/18/776/83a", "job": "Manager-Land and Exploration", "score": 3, "image_url": "https://myspace.com/common/images/user.png", "id": 26744730, "leadscore": 8}], "University of Colorado Boulder": [{"twitter": "https://twitter.com/jenaysellers", "linkedin": "http://www.linkedin.com/pub/jenay-sellers/8/8a3/097", "job": "Works", "facebook": "https://www.facebook.com/jenaysellers", "id": "jenaysellers", "leadscore": 13, "name": "Jenay Sellers", "pinterest": "http://www.pinterest.com/jenaysellers/", "url": "https://www.facebook.com/jenaysellers", "score": 3, "image_url": "https://fbcdn-profile-a.akamaihd.net/hprofile-ak-xtp1/v/t1.0-1/p320x320/11391363_10103205950691013_1739656795455315044_n.jpg?oh=16358395f5debbd4e036dade46e610b9&oe=564E9D38&__gda__=1446430944_dc8debfd3568edf8bf3280f647901f06", "plus": "https://plus.google.com/105177420281549637678/about", "company": "Brandfolder"}, {"name": "Ken Majors", "url": "http://www.linkedin.com/pub/ken-majors/11/187/909", "company": "FyreWerks, Inc.", "linkedin": "http://www.linkedin.com/pub/ken-majors/11/187/909", "job": "President", "score": 3, "image_url": "https://myspace.com/common/images/user.png", "id": 40291441, "leadscore": 11}, {"name": "Annika Salinas", "degree": "Broadcast News", "url": "https://www.facebook.com/annika.salinas.1", "company": "Horizontal Integration", "linkedin": "http://www.linkedin.com/pub/annika-salinas/8/a83/b3b", "job": "Business Development Manager", "score": 3, "image_url": "https://fbcdn-profile-a.akamaihd.net/hprofile-ak-xfp1/v/t1.0-1/p320x320/10418219_10103263582291823_2079309244817979205_n.jpg?oh=f9804322e7660dba660a147aa677ffd9&oe=564F0404&__gda__=1451010707_ca94955a61a2dab9dcab77f0c385c08d", "facebook": "https://www.facebook.com/annika.salinas.1", "id": "annika.salinas.1", "soundcloud": "http://soundcloud.com/aksalinas28", "leadscore": 7}, {"name": "Audrey Katherine", "pinterest": "http://www.pinterest.com/audreypo22/", "url": "https://www.facebook.com/audrey.polito", "company": "Denver public schools", "linkedin": "http://www.linkedin.com/pub/audrey-polito/57/28a/9a8", "job": "Speech Pathologist", "score": 3, "image_url": "https://fbcdn-profile-a.akamaihd.net/hprofile-ak-xta1/v/t1.0-1/p320x320/11800548_10103356443851513_6320286038679048084_n.jpg?oh=dc5955e6d6d85886c85d20016d8711d9&oe=56804307&__gda__=1447526264_a4ca0e45de48e1a5ecf5e0c5cc98b065", "facebook": "https://www.facebook.com/audrey.polito", "id": "audrey.polito", "leadscore": 7}, {"name": "Eli Jacob", "url": "https://www.facebook.com/eli.eaton", "company": "Granicus", "linkedin": "http://www.linkedin.com/pub/elijah-eaton/48/138/b83", "job": "Account Developer", "score": 3, "image_url": "https://fbcdn-profile-a.akamaihd.net/hprofile-ak-xpt1/v/t1.0-1/p320x320/11181223_10153049651233651_7460312253000778537_n.jpg?oh=d8ae3a1eaa1db60c97505c4bb7d92b0d&oe=56800656&__gda__=1447238618_cd5c9ce01b98a4d3270c2332a3208e81", "facebook": "https://www.facebook.com/eli.eaton", "id": "eli.eaton", "leadscore": 6}, {"name": "Eli Jacob", "url": "https://www.facebook.com/eli.eaton", "company": "Granicus", "linkedin": "http://www.linkedin.com/pub/elijah-eaton/48/138/b83", "job": "Account Developer", "score": 3, "image_url": "https://fbcdn-profile-a.akamaihd.net/hprofile-ak-xpt1/v/t1.0-1/p320x320/11181223_10153049651233651_7460312253000778537_n.jpg?oh=d8ae3a1eaa1db60c97505c4bb7d92b0d&oe=56800656&__gda__=1447238618_cd5c9ce01b98a4d3270c2332a3208e81", "facebook": "https://www.facebook.com/eli.eaton", "id": "eli.eaton", "leadscore": 6}, {"name": "Dave Logan", "url": "http://www.linkedin.com/pub/dave-logan/7/198/b84", "company": "kOA Radio", "linkedin": "http://www.linkedin.com/pub/dave-logan/7/198/b84", "job": "Broadcaster", "score": 3, "image_url": "http://graph.facebook.com/100000994815069/picture?type=large", "facebook": "http://www.facebook.com/people/_/100000994815069", "id": 4763110, "leadscore": 6}, {"name": "Justin DesCombes, RL", "url": "http://www.linkedin.com/pub/justin-descombes-rl/56/b28/a38", "company": "Purple Land Management", "linkedin": "http://www.linkedin.com/pub/justin-descombes-rl/56/b28/a38", "job": "Landman", "score": 3, "image_url": "https://media.licdn.com/media/p/6/000/1bd/0b1/21d36b0.jpg", "facebook": "http://www.facebook.com/people/_/1427613627", "id": 38528058, "leadscore": 4}, {"name": "Justin Castor", "url": "https://www.facebook.com/justindanielcastor", "company": "Molson Coors", "linkedin": "http://www.linkedin.com/pub/justin-castor/54/45a/20", "job": "Treasury Analyst", "score": 2, "image_url": "https://fbcdn-profile-a.akamaihd.net/hprofile-ak-xpf1/v/t1.0-1/p320x320/11750627_10204880101978561_2671687802514847358_n.jpg?oh=a1eb3032b37b14f57869d9615bff8450&oe=5638E48F&__gda__=1446832631_ada41b5a116416f16374f372a0383f37", "facebook": "https://www.facebook.com/justindanielcastor", "id": "justindanielcastor", "leadscore": 3}, {"company": "Global Down Syndrome Foundation", "linkedin": "http://www.linkedin.com/pub/allie-winter/21/240/45b", "job": "Works", "facebook": "https://www.facebook.com/10240454", "id": "10240454", "leadscore": 3, "name": "Allie Winter", "pinterest": "http://pinterest.com/alliewinter/", "url": "https://www.facebook.com/10240454", "score": 2, "image_url": "https://fbcdn-profile-a.akamaihd.net/hprofile-ak-xtp1/v/t1.0-1/p320x320/11692509_10103289168916023_6640326623661118269_n.jpg?oh=5087e0e52fee327589a09b71f4d64931&oe=563FBB77&__gda__=1447296943_811674b584169abf030a2388574048f0", "twitter": "http://www.twitter.com/AllieWinter"}, {"name": "Matt Haag", "url": "https://www.linkedin.com/pub/matt-haag/32/48/1a9", "company": "Rally Software", "linkedin": "https://www.linkedin.com/pub/matt-haag/32/48/1a9", "job": "Business Intelligence Analyst", "score": 2, "image_url": "https://media.licdn.com/media/p/1/000/0e4/2c3/299e731.jpg", "plus": "https://plus.google.com/111438736497237269565/about", "id": 40291310, "leadscore": 3}, {"name": "Hollyne Gillach", "pinterest": "http://pinterest.com/gillach/", "url": "https://www.linkedin.com/pub/hollyne-gillach/56/532/32", "company": "Cardel Homes", "linkedin": "https://www.linkedin.com/pub/hollyne-gillach/56/532/32", "job": "Buyer Coordinator", "score": 2, "image_url": "https://media.licdn.com/mpr/mpr/shrinknp_400_400/p/2/000/192/295/0b2c8b6.jpg", "facebook": "http://www.facebook.com/people/_/813918905", "id": 40291373, "leadscore": 3}, {"name": "Levi Bonnell, MPH", "url": "http://www.linkedin.com/pub/levi-bonnell-mph/59/777/249", "company": "Division of Ophthalmic Epidemiology", "linkedin": "http://www.linkedin.com/pub/levi-bonnell-mph/59/777/249", "job": "PRA", "score": 2, "image_url": "https://media.licdn.com/mpr/mpr/shrinknp_400_400/p/8/000/20a/374/1010190.jpg", "id": 21726108, "leadscore": 3}, {"name": "Levi Bonnell, MPH", "url": "http://www.linkedin.com/pub/levi-bonnell-mph/59/777/249", "company": "Division of Ophthalmic Epidemiology", "linkedin": "http://www.linkedin.com/pub/levi-bonnell-mph/59/777/249", "job": "PRA", "score": 2, "image_url": "https://media.licdn.com/mpr/mpr/shrinknp_400_400/p/8/000/20a/374/1010190.jpg", "id": 21726108, "leadscore": 3}, {"school": "The University of New Mexico", "name": "Jessica (Quador) Gillman", "url": "https://www.linkedin.com/pub/jessica-quador-gillman/30/468/6b9", "company": "24 Hour Fitness", "linkedin": "https://www.linkedin.com/pub/jessica-quador-gillman/30/468/6b9", "job": "Club Manager", "score": 2, "image_url": "https://media.licdn.com/media/p/2/000/0ad/375/03a0253.jpg", "id": 40291335, "leadscore": 3}, {"name": "Shane Elliot", "url": "http://www.linkedin.com/pub/shane-elliot/47/956/ba5", "company": "NorthStar Securities, LLC", "linkedin": "http://www.linkedin.com/pub/shane-elliot/47/956/ba5", "job": "Associate Regional Sales Consultant", "score": 2, "image_url": "https://media.licdn.com/mpr/mpr/shrinknp_400_400/AAEAAQAAAAAAAANnAAAAJGM1ZTliNjc4LWZkMWItNDZiMC05ODBmLTVjYzc1MjdkNDlkNg.jpg", "facebook": "http://www.facebook.com/people/_/679248018", "id": 30075934, "leadscore": 3}, {"name": "Ann-Marie Liane", "url": "https://www.linkedin.com/pub/ann-marie-liane/4b/a61/669", "company": "Wells Fargo", "linkedin": "https://www.linkedin.com/pub/ann-marie-liane/4b/a61/669", "job": "Business Banking Specialist", "score": 2, "image_url": "https://myspace.com/common/images/user.png", "id": 40291316, "leadscore": 2}, {"name": "Janelle Gorski", "url": "https://www.linkedin.com/in/janellegorski", "company": "Heartland Business Credit, A Subsidiary of Midland States Bank", "linkedin": "https://www.linkedin.com/in/janellegorski", "job": "Collections Account Manager", "score": 2, "image_url": "https://media.licdn.com/mpr/mpr/shrinknp_400_400/AAEAAQAAAAAAAACnAAAAJDdhMjEyYmM2LTZjOWMtNDdmMS1iYTUzLWRjZTA2ZmFiOTc1Yg.jpg", "id": 40291355, "leadscore": 2}, {"name": "Tyler Hout", "url": "http://www.linkedin.com/pub/tyler-hout/41/ab7/66", "company": "Corpac Steel Products Corp", "linkedin": "http://www.linkedin.com/pub/tyler-hout/41/ab7/66", "job": "Business Development Manager", "score": 2, "image_url": "https://media.licdn.com/mpr/mpr/shrinknp_400_400/p/8/000/2c3/324/0608629.jpg", "id": 9092394, "leadscore": 2}, {"name": "Tiffanie Ellis", "url": "https://www.linkedin.com/in/tiffanieellis1", "company": "Axium, Inc.", "linkedin": "https://www.linkedin.com/in/tiffanieellis1", "job": "Marketing Executive", "score": 2, "image_url": "https://media.licdn.com/mpr/mpr/shrinknp_400_400/AAEAAQAAAAAAAAJDAAAAJDNkNWVjOTViLTlkOTItNDA1OS04ZmRjLTMxOTBjZGRlZDNkNg.jpg", "id": 40291247, "leadscore": 2}, {"name": "Tiffanie Ellis", "url": "https://www.linkedin.com/in/tiffanieellis1", "company": "Axium, Inc.", "linkedin": "https://www.linkedin.com/in/tiffanieellis1", "job": "Marketing Executive", "score": 2, "image_url": "https://media.licdn.com/mpr/mpr/shrinknp_400_400/AAEAAQAAAAAAAAJDAAAAJDNkNWVjOTViLTlkOTItNDA1OS04ZmRjLTMxOTBjZGRlZDNkNg.jpg", "id": 40291247, "leadscore": 2}, {"name": "Mike Tower", "url": "http://www.linkedin.com/pub/mike-tower/30/482/5b2", "company": "Scout Cleaning and Maintenance", "linkedin": "http://www.linkedin.com/pub/mike-tower/30/482/5b2", "job": "General Manager", "score": 2, "image_url": "https://media.licdn.com/mpr/mpr/shrinknp_400_400/p/4/005/0ae/151/2b0bd2d.jpg", "id": 30058903, "leadscore": 2}, {"name": "Curtis Cunningham", "url": "https://www.linkedin.com/pub/curtis-cunningham/41/9a9/108", "company": "Transamerica Capital Inc.", "linkedin": "https://www.linkedin.com/pub/curtis-cunningham/41/9a9/108", "job": "Internal Wholesaler", "score": 2, "image_url": "https://media.licdn.com/mpr/mpr/shrinknp_400_400/p/5/005/050/054/3b28f6a.jpg", "id": 40291367, "leadscore": 2}, {"name": "Cortni Crawley", "url": "https://www.linkedin.com/pub/cortni-crawley/75/1a1/977", "company": "Arapahoe / Douglas Mental Health Network", "linkedin": "https://www.linkedin.com/pub/cortni-crawley/75/1a1/977", "job": "Integrated Care Counselor", "score": 1, "image_url": "https://media.licdn.com/media/p/6/000/28f/1f3/2f7399b.jpg", "id": 40291243, "leadscore": 1}, {"name": "Taj Kaynor", "url": "https://www.linkedin.com/pub/taj-kaynor/a6/b2b/a3a", "company": "Seadrill", "linkedin": "https://www.linkedin.com/pub/taj-kaynor/a6/b2b/a3a", "job": "Roustabout", "score": 1, "image_url": "https://media.licdn.com/mpr/mpr/shrinknp_400_400/p/5/005/0b2/226/36eaf72.jpg", "id": 40291237, "leadscore": 1}, {"name": "Stephen Faulkner", "url": "https://www.linkedin.com/pub/stephen-faulkner/5a/568/144", "company": "Altivolus Capital", "linkedin": "https://www.linkedin.com/pub/stephen-faulkner/5a/568/144", "job": "Manager & Founder", "score": 1, "image_url": "https://media.licdn.com/mpr/mpr/shrinknp_400_400/AAEAAQAAAAAAAABoAAAAJDlmZDFlNmYwLTBlNWItNGNjMS1hMGZiLWU5ZmVhODc2Y2FiYQ.jpg", "id": 40291234, "leadscore": 1}, {"name": "Stephen Faulkner", "url": "https://www.linkedin.com/pub/stephen-faulkner/5a/568/144", "company": "Altivolus Capital", "linkedin": "https://www.linkedin.com/pub/stephen-faulkner/5a/568/144", "job": "Manager & Founder", "score": 1, "image_url": "https://media.licdn.com/mpr/mpr/shrinknp_400_400/AAEAAQAAAAAAAABoAAAAJDlmZDFlNmYwLTBlNWItNGNjMS1hMGZiLWU5ZmVhODc2Y2FiYQ.jpg", "id": 40291234, "leadscore": 1}, {"name": "Ryan Polk", "url": "https://www.linkedin.com/pub/ryan-polk/92/b80/264", "company": "RK Mechanical, Inc.", "linkedin": "https://www.linkedin.com/pub/ryan-polk/92/b80/264", "job": "General Counsel", "score": 1, "image_url": "https://media.licdn.com/mpr/mpr/shrinknp_400_400/AAEAAQAAAAAAAANTAAAAJDAyNzM1YTg2LWVjZTMtNGRlMy04MWM5LTg0ZmZjZWI2ZmRmMQ.jpg", "id": 40291326, "leadscore": 1}, {"name": "Ryan Polk", "url": "https://www.linkedin.com/pub/ryan-polk/92/b80/264", "company": "RK Mechanical, Inc.", "linkedin": "https://www.linkedin.com/pub/ryan-polk/92/b80/264", "job": "General Counsel", "score": 1, "image_url": "https://media.licdn.com/mpr/mpr/shrinknp_400_400/AAEAAQAAAAAAAANTAAAAJDAyNzM1YTg2LWVjZTMtNGRlMy04MWM5LTg0ZmZjZWI2ZmRmMQ.jpg", "id": 40291326, "leadscore": 1}, {"name": "Jonathan Major", "url": "https://www.linkedin.com/pub/jonathan-major/77/957/b70", "company": "Berlitz Corporation", "linkedin": "https://www.linkedin.com/pub/jonathan-major/77/957/b70", "job": "English Instructor", "score": 1, "image_url": "https://media.licdn.com/mpr/mpr/shrinknp_400_400/p/7/005/00a/2ec/06f8ee0.jpg", "id": 40291359, "leadscore": 1}, {"name": "Amber DiGiallonardo", "url": "http://www.linkedin.com/pub/amber-digiallonardo/53/367/865", "company": "Linhart Public Relations", "linkedin": "http://www.linkedin.com/pub/amber-digiallonardo/53/367/865", "job": "Account Associate", "score": 1, "image_url": "https://media.licdn.com/mpr/mpr/shrinknp_400_400/p/7/005/071/0c5/3094493.jpg", "id": 19155270, "leadscore": 1}, {"name": "Nikki Smith", "url": "http://www.linkedin.com/pub/nikki-smith/3a/401/26", "company": "Coldwell Banker", "linkedin": "http://www.linkedin.com/pub/nikki-smith/3a/401/26", "job": "CB2Go Transaction Manager", "score": 1, "image_url": "https://media.licdn.com/mpr/mpr/shrinknp_400_400/AAEAAQAAAAAAAAMeAAAAJDc1ODM5YmYyLTBlNTctNDFhNC1iMmZhLTAzZGVjOTkxYjcxYQ.jpg", "id": 5202714, "leadscore": 0}, {"name": "Nikki Smith", "url": "http://www.linkedin.com/pub/nikki-smith/3a/401/26", "company": "Coldwell Banker", "linkedin": "http://www.linkedin.com/pub/nikki-smith/3a/401/26", "job": "CB2Go Transaction Manager", "score": 1, "image_url": "https://media.licdn.com/mpr/mpr/shrinknp_400_400/AAEAAQAAAAAAAAMeAAAAJDc1ODM5YmYyLTBlNTctNDFhNC1iMmZhLTAzZGVjOTkxYjcxYQ.jpg", "id": 5202714, "leadscore": 0}, {"name": "Brady Garr", "url": "https://www.facebook.com/brady.garr", "company": "Wells Fargo Advisors, LLC", "linkedin": "https://www.linkedin.com/in/bradygarr", "job": "Financial Advisor", "score": 1, "image_url": "https://fbcdn-profile-a.akamaihd.net/hprofile-ak-xft1/v/t1.0-1/p320x320/1525507_10100902948870442_5283265215894308668_n.jpg?oh=c8d3e762c1e29ab47e32a068040a41cb&oe=563E86A5&__gda__=1447690272_e26dc4799565ba0905fc01b650bbef2d", "facebook": "https://www.facebook.com/brady.garr", "id": "brady.garr", "leadscore": -1}], "Columbia University School of Law": [{"name": "Jennifer Blum", "url": "https://www.linkedin.com/in/jenniferlblum", "company": "Akers & Associates LLC", "amazon": "http://www.amazon.com/wishlist/12YI9KT6ORO1I", "linkedin": "https://www.linkedin.com/in/jenniferlblum", "job": "Of Counsel", "score": 3, "image_url": "https://media.licdn.com/mpr/mpr/shrinknp_400_400/p/1/000/188/262/008a50a.jpg", "facebook": "http://www.facebook.com/people/_/608300779", "id": 40291318, "leadscore": 11}], "Miami University": [{"name": "Josh Behr", "url": "https://www.linkedin.com/in/joshbehrfullersothebys", "company": "FULLER SOTHEBY'S INTERNATIONAL REALTY", "linkedin": "https://www.linkedin.com/in/joshbehrfullersothebys", "job": "REAL ESTATE", "score": 2, "image_url": "https://media.licdn.com/mpr/mpr/shrinknp_400_400/p/6/005/04d/2d9/0d9fcfb.jpg", "facebook": "http://www.facebook.com/people/_/100000791617634", "id": 40291270, "leadscore": 3}], "Thomas M. Cooley Law School": [{"name": "Sarah Yarbrough", "pinterest": "http://www.pinterest.com/yarbie17/", "url": "https://www.facebook.com/sarah.yarbrough.92", "company": "Bettenberg, Sharshel & Maguire, LLC", "linkedin": "http://www.linkedin.com/pub/sarah-yarbrough/11/103/3b9", "job": "Associate Attorney", "score": 2, "image_url": "https://fbcdn-profile-a.akamaihd.net/hprofile-ak-xpf1/v/t1.0-1/p320x320/11058157_825887907329_8808544445506312931_n.jpg?oh=a7eac4b11be56de1957573063baac768&oe=5643E86D&__gda__=1448203025_6c1d909f0a17ba9e09a76bfd3ab47bcb", "facebook": "https://www.facebook.com/sarah.yarbrough.92", "id": "sarah.yarbrough.92", "leadscore": 3}], "Washington College": [{"name": "Sarah Yarbrough", "pinterest": "http://www.pinterest.com/yarbie17/", "url": "https://www.facebook.com/sarah.yarbrough.92", "company": "Bettenberg, Sharshel & Maguire, LLC", "linkedin": "http://www.linkedin.com/pub/sarah-yarbrough/11/103/3b9", "job": "Associate Attorney", "score": 2, "image_url": "https://fbcdn-profile-a.akamaihd.net/hprofile-ak-xpf1/v/t1.0-1/p320x320/11058157_825887907329_8808544445506312931_n.jpg?oh=a7eac4b11be56de1957573063baac768&oe=5643E86D&__gda__=1448203025_6c1d909f0a17ba9e09a76bfd3ab47bcb", "facebook": "https://www.facebook.com/sarah.yarbrough.92", "id": "sarah.yarbrough.92", "leadscore": 3}], "Universidad de Alcal\u00e1": [{"name": "Lisa Nutting", "url": "http://www.linkedin.com/pub/lisa-nutting/25/980/8b8", "company": "OtterBox", "linkedin": "http://www.linkedin.com/pub/lisa-nutting/25/980/8b8", "job": "Assistant Channel Marketing Manager", "score": 2, "image_url": "https://media.licdn.com/media/p/1/000/0ea/3ce/1b41ccf.jpg", "id": 3977319, "leadscore": 2}], "Temple University": [{"name": "Steve Watson", "url": "http://www.linkedin.com/pub/steve-watson/2b/8b4/8b5", "company": "Indiana State University", "linkedin": "http://www.linkedin.com/pub/steve-watson/2b/8b4/8b5", "job": "Wide Receiver Coach", "score": 1, "image_url": "https://media.licdn.com/mpr/mpr/shrinknp_400_400/p/6/005/09e/28f/15cfcd6.jpg", "id": 4692170, "leadscore": 1}], "Concordia University, Nebraska": [{"name": "Payton McLachlan", "url": "https://www.linkedin.com/pub/payton-mclachlan/85/ba1/a2b", "company": "KeyBank", "linkedin": "https://www.linkedin.com/pub/payton-mclachlan/85/ba1/a2b", "job": "Relationship Manager", "score": 2, "image_url": "https://media.licdn.com/mpr/mpr/shrinknp_400_400/AAEAAQAAAAAAAAO8AAAAJDMwNmI3NWRjLTA3NDktNGViYi1iMmE1LTIxZTQxOGEwZDNmYQ.jpg", "id": 40291348, "leadscore": 2}], "West Virginia University": [{"name": "Will Eaton", "url": "https://www.linkedin.com/pub/will-eaton/9/b9/5a4", "company": "Checkers Industrial Safety Products", "linkedin": "https://www.linkedin.com/pub/will-eaton/9/b9/5a4", "job": "Director of National Accounts and Business Development", "score": 2, "image_url": "https://media.licdn.com/mpr/mpr/shrinknp_400_400/p/7/005/03f/222/3c0fc4d.jpg", "id": 40291229, "leadscore": 2}], "University of Iowa": [{"name": "Kristin Furjanic", "url": "http://www.linkedin.com/pub/kristin-furjanic/25/b01/379", "company": "CorePower Yoga and Digital Media Coordinator", "linkedin": "http://www.linkedin.com/pub/kristin-furjanic/25/b01/379", "job": "Yoga Instructor", "score": 3, "image_url": "https://fbcdn-profile-a.akamaihd.net/hprofile-ak-xft1/v/t1.0-1/p320x320/11156149_10102962922870759_6891569572719690210_n.jpg?oh=5745c8d78ca311b36af6fc469a52ac2b&oe=56488085&__gda__=1446474408_731fd48e0c864ec1c340478f73c7eb95", "plus": "https://plus.google.com/110918497912683953719/about", "id": "14832090", "leadscore": 5}, {"name": "Jesse Brownell", "url": "http://www.linkedin.com/pub/jesse-brownell/7/788/429", "company": "Highland Capital Management, L.P.", "linkedin": "http://www.linkedin.com/pub/jesse-brownell/7/788/429", "job": "Regional Sales Director", "score": 3, "image_url": "https://myspace.com/common/images/user.png", "id": 20246974, "leadscore": 5}], "University of Colorado Colorado Springs": [{"name": "Thomas Brattle \"Toby\" Gannett", "url": "https://www.linkedin.com/pub/thomas-brattle-\"toby\"-gannett/22/71/789", "company": "Colorado Springs Regional Business Alliance", "linkedin": "https://www.linkedin.com/pub/thomas-brattle-\"toby\"-gannett/22/71/789", "job": "Interim President and CEO", "score": 2, "image_url": "https://media.licdn.com/mpr/mpr/shrinknp_400_400/p/8/005/03b/2cc/08f3b4f.jpg", "facebook": "http://www.facebook.com/people/_/1108267935", "id": 40291346, "leadscore": 3}, {"name": "Thomas Brattle \"Toby\" Gannett", "url": "https://www.linkedin.com/pub/thomas-brattle-\"toby\"-gannett/22/71/789", "company": "Colorado Springs Regional Business Alliance", "linkedin": "https://www.linkedin.com/pub/thomas-brattle-\"toby\"-gannett/22/71/789", "job": "Interim President and CEO", "score": 2, "image_url": "https://media.licdn.com/mpr/mpr/shrinknp_400_400/p/8/005/03b/2cc/08f3b4f.jpg", "facebook": "http://www.facebook.com/people/_/1108267935", "id": 40291346, "leadscore": 3}], "DeVry University": [{"name": "Kristina Wetherbee", "twitter": "http://twitter.com/HoneyBee55", "url": "http://www.linkedin.com/pub/kristina-wetherbee/6/701/325", "company": "PKK Investments, LLC.", "linkedin": "http://www.linkedin.com/pub/kristina-wetherbee/6/701/325", "job": "Owner/Operator", "score": 3, "image_url": "https://media.licdn.com/mpr/mpr/shrinknp_400_400/AAEAAQAAAAAAAAOIAAAAJGJlMTdjNzQ1LWJlYzYtNDUyNi04NGU1LWJiODAyMTJhMzg3Mg.jpg", "facebook": "http://www.facebook.com/kristie.wetherbee", "id": 7297737, "leadscore": 10}], "South Dakota School of Mines and Technology": [{"name": "Sherwin Artus", "url": "http://www.linkedin.com/pub/sherwin-artus/18/599/732", "company": "Whiting Petroleum", "linkedin": "http://www.linkedin.com/pub/sherwin-artus/18/599/732", "job": "Member, Board of Directors", "score": 1, "image_url": "https://myspace.com/common/images/user.png", "id": 31085696, "leadscore": 1}], "University of Denver": [{"name": "Emily Manion", "pinterest": "http://www.pinterest.com/manio652/", "url": "https://www.facebook.com/emily.manion.5", "company": "Jefferson County Public Schools", "linkedin": "https://www.linkedin.com/pub/emily-manion/21/698/a84", "job": "Kindergarten Teacher", "score": 3, "image_url": "https://fbcdn-profile-a.akamaihd.net/hprofile-ak-xpf1/v/t1.0-1/p320x320/11011634_773875735261_2010753807671422126_n.jpg?oh=d39c94480c8876975657fe816f968947&oe=563DB510&__gda__=1448110188_07fba3a724ae44d4f373d9f507c2c67d", "facebook": "https://www.facebook.com/emily.manion.5", "id": "emily.manion.5", "leadscore": 7}], "University of Tulsa": [{"name": "Audrey Katherine", "pinterest": "http://www.pinterest.com/audreypo22/", "url": "https://www.facebook.com/audrey.polito", "company": "Denver public schools", "linkedin": "http://www.linkedin.com/pub/audrey-polito/57/28a/9a8", "job": "Speech Pathologist", "score": 3, "image_url": "https://fbcdn-profile-a.akamaihd.net/hprofile-ak-xta1/v/t1.0-1/p320x320/11800548_10103356443851513_6320286038679048084_n.jpg?oh=dc5955e6d6d85886c85d20016d8711d9&oe=56804307&__gda__=1447526264_a4ca0e45de48e1a5ecf5e0c5cc98b065", "facebook": "https://www.facebook.com/audrey.polito", "id": "audrey.polito", "leadscore": 7}], "Westwood College - Denver North": [{"name": "David Andres", "url": "https://www.linkedin.com/pub/david-andres/59/279/900", "company": "DaVita Kidney Care", "linkedin": "https://www.linkedin.com/pub/david-andres/59/279/900", "job": "Water Technician", "score": 1, "image_url": "https://media.licdn.com/mpr/mpr/shrinknp_400_400/AAEAAQAAAAAAAAJmAAAAJDdkNmI0MGFjLWMwZmQtNGMyMy1iMDQ2LTA3ODM2ZmQyZTdlNw.jpg", "id": 40291309, "leadscore": 1}], "State University of New York at Albany": [{"facebook": "https://www.facebook.com/michael.a.brill.3", "name": "Michael A. Brill", "url": "https://www.facebook.com/michael.a.brill.3", "company": "Brill, LLC", "linkedin": "http://www.linkedin.com/pub/michael-brill/13/85b/849", "job": "Attorney and Landman Services", "score": 3, "image_url": "https://fbcdn-profile-a.akamaihd.net/hprofile-ak-xft1/v/t1.0-1/c0.3.200.200/1972367_10203376973613807_647008086_n.jpg?oh=dada3c5dce2ca939ae797b8ebf438be2&oe=56478B91&__gda__=1451275895_f660775265344f46d508568d845ca2f4", "plus": "https://plus.google.com/106354378504557739063/about", "id": "michael.a.brill.3", "leadscore": 6}], "Nebraska Wesleyan University": [{"name": "Scott Culhane", "url": "https://www.linkedin.com/pub/scott-culhane/88/55/a57", "company": "Heartland Business Credit, a wholly owned subsidiary of Heartland Bank (Mo.)", "linkedin": "https://www.linkedin.com/pub/scott-culhane/88/55/a57", "job": "Credit Manager", "score": 1, "image_url": "https://myspace.com/common/images/user.png", "id": 40291322, "leadscore": 1}], "American Intercontinental University": [{"name": "Samantha Cook", "url": "https://www.linkedin.com/pub/samantha-cook/40/7a7/b41", "company": "Panorama Orthopedics & Spine Center", "linkedin": "https://www.linkedin.com/pub/samantha-cook/40/7a7/b41", "job": "Marketing Coordinator", "score": 1, "image_url": "https://media.licdn.com/media/p/7/000/2c8/059/0be75b3.jpg", "id": 40291232, "leadscore": 1}, {"name": "Matt McDougal", "url": "https://www.linkedin.com/pub/matt-mcdougal/31/130/1a6", "company": "Jefferson County Schools", "linkedin": "https://www.linkedin.com/pub/matt-mcdougal/31/130/1a6", "job": "Teacher", "score": 1, "image_url": "https://myspace.com/common/images/user.png", "id": 40291257, "leadscore": 0}], "Dartmouth College": [{"name": "Kane Kunz", "url": "http://www.linkedin.com/pub/kane-kunz/40/490/a1", "company": "Kane Capital, LLC", "linkedin": "http://www.linkedin.com/pub/kane-kunz/40/490/a1", "job": "Founder/Owner", "score": 2, "image_url": "https://media.licdn.com/mpr/mpr/shrinknp_400_400/AAEAAQAAAAAAAALmAAAAJDM3YTE5OTdlLWY1MTYtNDI5MS1hYTBiLTQ2ZGQ1Y2MyMzU5Yg.jpg", "id": 13865193, "leadscore": 3}], "University of Wyoming": [{"name": "James Mathew", "degree": "Kinesiology and Health Promotion", "url": "https://www.facebook.com/jimmyd31", "company": "Schlumberger", "linkedin": "http://www.linkedin.com/pub/jim-deandrea/26/442/735", "job": "Injury Prevention Advisor-Rockies/West", "score": 3, "image_url": "data:image/gif;base64,R0lGODlhAQABAIAAAP///wAAACwAAAAAAQABAAACAkQBADs=", "facebook": "https://www.facebook.com/jimmyd31", "id": "jimmyd31", "leadscore": 9}, {"name": "Jared Yannacito", "url": "http://www.linkedin.com/pub/jared-yannacito/44/57a/b82", "company": "Jefferson County Public Schools", "linkedin": "http://www.linkedin.com/pub/jared-yannacito/44/57a/b82", "job": "English Teacher", "score": 2, "image_url": "https://media.licdn.com/mpr/mpr/shrinknp_400_400/p/3/000/11a/039/0b1cfe1.jpg", "id": 16671207, "leadscore": 2}], "The University of North Dakota": [{"name": "Wes Porter", "url": "http://www.linkedin.com/pub/wes-porter/7a/5a8/510", "company": "Cobalt Mortgage", "linkedin": "http://www.linkedin.com/pub/wes-porter/7a/5a8/510", "job": "Mortgage Loan Officer", "score": 2, "image_url": "https://media.licdn.com/mpr/mpr/shrinknp_400_400/p/3/005/010/0fb/19040bc.jpg", "id": 13557556, "leadscore": 2}, {"name": "Wes Porter", "url": "http://www.linkedin.com/pub/wes-porter/7a/5a8/510", "company": "Cobalt Mortgage", "linkedin": "http://www.linkedin.com/pub/wes-porter/7a/5a8/510", "job": "Mortgage Loan Officer", "score": 2, "image_url": "https://media.licdn.com/mpr/mpr/shrinknp_400_400/p/3/005/010/0fb/19040bc.jpg", "id": 13557556, "leadscore": 2}], "University of San Diego": [{"facebook": "https://www.facebook.com/AmandaCavs", "name": "Amanda Cavs", "url": "https://www.facebook.com/AmandaCavs", "company": "Connect the Ages", "linkedin": "http://www.linkedin.com/pub/amanda-cavaleri/17/553/bba", "job": "CEO & Founder", "score": 3, "image_url": "https://fbcdn-profile-a.akamaihd.net/hprofile-ak-xft1/v/t1.0-1/p320x320/10511112_10100861090100576_3765872596242018698_n.jpg?oh=61e49e1a5518cb14e795afeca60c5f71&oe=563B6B09&__gda__=1448062244_b79b5a4a2c46a7c34219d2cc44472037", "plus": "https://plus.google.com/105474548347322061539/about", "id": "AmandaCavs", "leadscore": 8}], "Colorado Mesa University": [{"name": "Trish Koman", "pinterest": "http://www.pinterest.com/komant/", "url": "https://www.facebook.com/trish.herblan", "company": "Herblan Insulation Co.", "linkedin": "https://www.linkedin.com/pub/trish-koman/4/430/b24", "job": "Senior Estimating Manager", "score": 3, "image_url": "https://fbcdn-profile-a.akamaihd.net/hprofile-ak-xpt1/v/t1.0-1/p320x320/11866319_10206862424779745_3707289910291856041_n.jpg?oh=d3fc669f83fd6f536716e03da9598945&oe=564F00A8&__gda__=1451065892_1df3b69c6751db6bfefd18c4dd166550", "facebook": "https://www.facebook.com/trish.herblan", "id": "trish.herblan", "leadscore": 8}, {"name": "Trish Koman", "pinterest": "http://www.pinterest.com/komant/", "url": "https://www.facebook.com/trish.herblan", "company": "Herblan Insulation Co.", "linkedin": "https://www.linkedin.com/pub/trish-koman/4/430/b24", "job": "Senior Estimating Manager", "score": 3, "image_url": "https://fbcdn-profile-a.akamaihd.net/hprofile-ak-xpt1/v/t1.0-1/p320x320/11866319_10206862424779745_3707289910291856041_n.jpg?oh=d3fc669f83fd6f536716e03da9598945&oe=564F00A8&__gda__=1451065892_1df3b69c6751db6bfefd18c4dd166550", "facebook": "https://www.facebook.com/trish.herblan", "id": "trish.herblan", "leadscore": 8}, {"degree": "Business Administration", "company": "Top Shelf Adventures and Freight Broker", "linkedin": "https://www.linkedin.com/pub/ryan-kadavy/33/26/211", "job": "Owner", "facebook": "https://www.facebook.com/ryan.kadavy", "id": "ryan.kadavy", "leadscore": 3, "name": "Ryan Kadavy", "url": "https://www.facebook.com/ryan.kadavy", "score": 2, "image_url": "https://fbcdn-profile-a.akamaihd.net/hprofile-ak-xtp1/v/t1.0-1/p320x320/11180607_759312659974_4222920740473449011_n.jpg?oh=f4f6f36426261bb2acacf21102088008&oe=563E0043&__gda__=1451151013_1668dba7c331803be7585c63ce80bd1e"}, {"degree": "Business Administration", "company": "Top Shelf Adventures and Freight Broker", "linkedin": "https://www.linkedin.com/pub/ryan-kadavy/33/26/211", "job": "Owner", "facebook": "https://www.facebook.com/ryan.kadavy", "id": "ryan.kadavy", "leadscore": 3, "name": "Ryan Kadavy", "url": "https://www.facebook.com/ryan.kadavy", "score": 2, "image_url": "https://fbcdn-profile-a.akamaihd.net/hprofile-ak-xtp1/v/t1.0-1/p320x320/11180607_759312659974_4222920740473449011_n.jpg?oh=f4f6f36426261bb2acacf21102088008&oe=563E0043&__gda__=1451151013_1668dba7c331803be7585c63ce80bd1e"}], "United States Air Force Academy": [{"name": "Gerard DiManna", "url": "http://www.linkedin.com/pub/gerard-dimanna/7/5a1/3b2", "company": "Owens Corning", "linkedin": "http://www.linkedin.com/pub/gerard-dimanna/7/5a1/3b2", "job": "Regional Sales Leader", "score": 2, "image_url": "https://media.licdn.com/mpr/mpr/shrinknp_400_400/p/2/000/08e/041/0b48e45.jpg", "id": 2785442, "leadscore": 3}], "University of Arizona": [{"name": "Kady Zinke", "twitter": "http://twitter.com/kadykade/status/612420049236819968", "pinterest": "http://pinterest.com/kadyluxe/", "url": "http://www.linkedin.com/pub/kady-zinke/53/204/149", "company": "Haley Custom Homes", "linkedin": "http://www.linkedin.com/pub/kady-zinke/53/204/149", "job": "Business Development", "score": 3, "image_url": "https://media.licdn.com/mpr/mpr/shrinknp_400_400/p/2/000/196/170/00f138e.jpg", "plus": "https://plus.google.com/103227314736645951395/about", "facebook": "http://www.facebook.com/people/_/10112213", "id": 38160896, "leadscore": 8}, {"name": "Brooke Walters", "url": "http://www.linkedin.com/pub/brooke-walters/59/7a/576", "company": "Athletes to Business", "linkedin": "http://www.linkedin.com/pub/brooke-walters/59/7a/576", "job": "Career Coach", "score": 1, "image_url": "https://media.licdn.com/mpr/mpr/shrinknp_400_400/p/1/005/024/288/2fb27fd.jpg", "id": 4667418, "leadscore": 1}], "Thomas Jefferson School of Law": [{"name": "Ryan Yates", "url": "https://www.linkedin.com/pub/ryan-yates/9a/258/164", "company": "Yates Law Firm LLC", "linkedin": "https://www.linkedin.com/pub/ryan-yates/9a/258/164", "job": "Attorney", "score": 1, "image_url": "https://media.licdn.com/mpr/mpr/shrinknp_400_400/p/7/005/07d/193/1d24d2e.jpg", "id": 40291244, "leadscore": 1}]}